Date/Time,temp.0,R.hum.0,temp.1,R.hum.1,temp.2,R.hum.2,temp.3,R.hum.3,A.hum0,Enthalpy0,DewPoint0,SpecificVolume0,THCapa0,SHCapa0,LHCapa0,WaterMass0,A.hum1,Enthalpy1,DewPoint1,SpecificVolume1,THCapa1,SHCapa1,LHCapa1,WaterMass1,A.hum2,Enthalpy2,DewPoint2,SpecificVolume2,THCapa2,SHCapa2,LHCapa2,WaterMass2,A.hum3,Enthalpy3,DewPoint3,SpecificVolume3,THCapa3,SHCapa3,LHCapa3,WaterMass3,d-TH_0-1,d-SH_0-1,d-LH_0-1,d-W_0-1,d-TH_2-3,d-SH_2-3,d-LH_2-3,d-W_2-3,,,,,,
2019/2/13 11:19,20.5,40.1,4.2,93.7,20.4,11.8,3.7,34,0.005996058,35.8410098,6.488929832,0.839934182,0.711186872,0.413621083,0.297565789,0.428323408,0.004782039,16.22133338,3.276697172,0.791777221,0.341454072,0.089702266,0.251751806,0.36237765,0.001741688,24.94249435,-9.035668578,0.833959648,0.498475244,0.411421434,0.087053811,0.125307364,0.001666906,7.90226328,-9.53139975,0.78642155,0.167473015,0.079120679,0.088352336,0.127176493,0.3697328,0.323918817,0.045813983,0.065945758,0.331002229,0.332300754,-0.001298525,-0.001869129,0.851294567,0.906398516,,,0.602017031,0.712394375
2019/2/13 11:20,13.7,16.6,-0.5,31.3,19.3,36.4,7.3,87.8,0.001601957,17.82830834,-9.978795843,0.814742741,0.364702203,0.282743932,0.08195827,0.11797272,0.001128827,2.319178339,-13.85685596,0.77382277,0.049950678,-0.010855603,0.060806281,0.087526035,0.005044957,32.20898626,4.029645033,0.835234845,0.642713173,0.390938923,0.25177425,0.362409956,0.005562349,21.32852712,5.414260418,0.801623872,0.443444194,0.154209735,0.289234459,0.416331089,0.314751524,0.293599535,0.021151989,0.030446685,0.199268979,0.236729188,-0.037460209,-0.053921132,,,,,,
2019/2/13 11:21,17.9,43.1,1.3,88.7,23.4,13.2,7.9,41.1,0.005475937,31.87964284,5.191237141,0.83180781,0.638762193,0.364353491,0.274408701,0.394990534,0.003677445,10.51371968,-0.315874631,0.782117467,0.224043917,0.028052673,0.195991245,0.282114546,0.002342147,29.49703462,-5.642708128,0.843293562,0.582972841,0.467202374,0.115770467,0.166642815,0.002700347,14.73947419,-3.983259733,0.799675062,0.307197154,0.166440637,0.140756517,0.202608341,0.414718275,0.336300819,0.078417457,0.112875987,0.275775687,0.300761737,-0.02498605,-0.035965526,0.838599688,0.918848529,,,0.679602183,0.792462327
2019/2/13 11:22,16.6,17.8,1.4,29.7,14.5,15.7,2.8,54.1,0.002071626,21.94280785,-7.058528661,0.823599501,0.444042843,0.339195448,0.104847395,0.150919881,0.001235383,4.501215922,-12.8681925,0.779348517,0.096260227,0.030185935,0.066074292,0.095108938,0.001595782,18.61981653,-10.02219405,0.817006898,0.379838011,0.298421911,0.0814161,0.117192307,0.002491991,9.061863364,-4.921942556,0.784902079,0.192420252,0.060079565,0.132340687,0.190494392,0.347782616,0.309009513,0.038773103,0.055810943,0.187417759,0.238342346,-0.050924587,-0.073302085,,,,,,
2019/2/13 11:23,13.6,40.9,-1.5,61,23.4,29.3,14.1,93.5,0.00393606,23.62230774,0.573893523,0.817507335,0.481592167,0.280899058,0.200693109,0.288882525,0.002027731,3.556865522,-7.304128765,0.772096868,0.076779345,-0.032692143,0.109471488,0.157575913,0.005222844,36.82333136,4.519445381,0.847184695,0.724425492,0.46745016,0.256975332,0.369896519,0.009376066,37.87276747,13.06803257,0.826050511,0.764133407,0.291007741,0.473125666,0.681028548,0.404812822,0.313591201,0.091221621,0.131306612,-0.039707916,0.176442419,-0.216150335,-0.311132029,0.91874202,0.953393447,,,-7.376071461,0.591150582
2019/2/13 11:24,20.4,36.8,5.3,68.7,16.5,12.4,1.8,34.2,0.005464122,34.38936952,5.160500471,0.8389369,0.683193406,0.411703588,0.271489819,0.390789023,0.003780319,14.82254127,0.020426741,0.793646995,0.311274856,0.112727792,0.198547064,0.285793455,0.001432533,20.22442984,-11.22934645,0.822472081,0.409830119,0.337228558,0.072601561,0.104504446,0.001464503,5.478280338,-10.98333041,0.780770916,0.116941692,0.038755674,0.078186019,0.11254285,0.37191855,0.298975796,0.072942754,0.104995568,0.292888426,0.298472884,-0.005584458,-0.008038404,,,,,,
2019/2/13 11:25,10.8,20.8,-1.2,34.9,21.1,34.4,9.6,93.5,0.001658629,15.04536389,-9.587515245,0.806579142,0.310888358,0.225171814,0.085716544,0.12338247,0.001187839,1.761013448,-13.29924582,0.77190916,0.038022899,-0.026120795,0.064143694,0.092329988,0.005331651,34.76411872,4.811742011,0.840759882,0.689140848,0.424807349,0.264333499,0.380488044,0.00693896,27.13217696,8.60414945,0.809971015,0.558295224,0.201197288,0.357097936,0.514015422,0.272865459,0.251292609,0.02157285,0.031052483,0.130845624,0.223610061,-0.092764437,-0.133527378,0.727958905,0.804427665,,,0.353277929,0.600549899
2019/2/13 11:26,20,37.3,4.3,76.3,19.7,10.6,1.2,35.1,0.005402499,33.82668113,4.999215401,0.837711456,0.672997862,0.40417716,0.268820702,0.386947032,0.003916027,14.15017763,0.503809665,0.790968267,0.298161511,0.091790329,0.206371182,0.29705568,0.001497616,23.61698966,-10.73366412,0.831645416,0.47329846,0.398235686,0.075062774,0.108047175,0.001439626,4.810823822,-11.17433049,0.779036019,0.10292258,0.025893502,0.077029078,0.110877522,0.37483635,0.312386831,0.06244952,0.089891352,0.37037588,0.372342184,-0.001966305,-0.002830346,,,,,,
2019/2/13 11:27,11.1,23,-2.2,36,17.2,37.7,9.8,93.7,0.001871657,15.88511348,-8.218839408,0.807707127,0.327782042,0.231191464,0.096590578,0.139034818,0.001127135,0.601289043,-13.87323705,0.768995819,0.01303191,-0.048064324,0.061096234,0.087943399,0.004576217,28.89039257,2.66100131,0.828617344,0.581096385,0.350891224,0.230205161,0.331362886,0.007049079,27.61323876,8.834149392,0.810685862,0.567692947,0.205247837,0.36244511,0.521712273,0.314750132,0.279255788,0.035494344,0.051091419,0.013403438,0.145643387,-0.132239949,-0.190349387,0.814365757,0.851338284,,,0.025530675,0.334843056
2019/2/13 11:28,19.6,34.4,3.2,73.1,23.4,19,1.5,34.2,0.004856111,32.03453373,3.492493505,0.835839826,0.63876939,0.396595115,0.242174275,0.348591519,0.003469468,11.91638031,-1.014139193,0.787270226,0.252272132,0.068575345,0.183696787,0.264417606,0.003376859,32.12855369,-1.337545099,0.844691211,0.633930942,0.467291639,0.166639303,0.23986465,0.00143327,5.097488468,-11.22362096,0.779879938,0.108937462,0.032331485,0.076605977,0.1102685,0.386497258,0.32801977,0.058477488,0.084173913,0.52499348,0.434960154,0.090033326,0.129596151,,,,,,
2019/2/13 11:29,11,26.1,-2.5,37.8,13.2,14,10,93.7,0.002110666,16.38668265,-6.844072252,0.807732318,0.338121147,0.229199431,0.108921715,0.156784556,0.001154161,0.366349137,-13.61427223,0.768177692,0.007948446,-0.054679366,0.062627812,0.09014799,0.001307099,16.57939657,-12.24596323,0.812938003,0.339906949,0.272885568,0.067021381,0.096472199,0.007145351,28.05949623,9.032609011,0.81138305,0.576371752,0.209292302,0.36707945,0.528383055,0.330172701,0.283878797,0.046293903,0.066636566,-0.236464803,0.063593266,-0.30005807,-0.431910856,0.801011456,0.831941428,,,-2.425443338,0.154700555
2019/2/13 11:30,19.4,33.3,2.4,67.5,22.1,30.3,1.5,37.6,0.004641136,31.28639904,2.857823192,0.834982336,0.624492234,0.392801097,0.231691137,0.333501836,0.003024584,9.991987467,-2.647287406,0.784432796,0.212297504,0.051576598,0.160720906,0.231345566,0.004989775,34.91107252,3.874569531,0.843157412,0.690086098,0.443405631,0.246680468,0.355077843,0.00157612,5.455142801,-10.16141834,0.780058645,0.116554117,0.032332341,0.084221776,0.121230865,0.41219473,0.341224499,0.070970231,0.10215627,0.573531981,0.411073289,0.162458692,0.233846978,,,,,,
2019/2/13 11:31,11.4,29.4,-1.6,41.7,17.9,12.2,10.2,94,0.002442793,17.62809127,-5.154090951,0.809299839,0.36303173,0.237214623,0.125817108,0.181104194,0.00137323,1.820881954,-11.699351,0.771003098,0.039361752,-0.034880229,0.074241981,0.106865706,0.001540311,21.90948401,-10.41911952,0.826590316,0.441764269,0.364089407,0.077674862,0.111807079,0.007266256,28.56788484,9.278490098,0.812112206,0.58628772,0.213332159,0.372955561,0.536841271,0.323669979,0.272094852,0.051575127,0.074238487,-0.144523451,0.150757248,-0.295280699,-0.425034192,0.858467276,0.848567784,,,-3.705155581,0.439247137
2019/2/13 11:32,19.1,31.8,3.1,64.5,18.6,41.1,1.6,35.7,0.004347969,30.23876886,1.94860227,0.833735834,0.604483411,0.387102997,0.217380414,0.312902635,0.003037594,10.73262049,-2.596476737,0.786441919,0.227451009,0.066451122,0.160999887,0.231747139,0.005456294,32.54097652,5.140103244,0.833782276,0.650469103,0.377692209,0.272776894,0.39264167,0.001507084,5.383170514,-10.66320195,0.780256269,0.114987232,0.034474837,0.080512395,0.115891492,0.377032402,0.320651876,0.056380527,0.081155496,0.535481871,0.343217372,0.192264499,0.276750178,,,,,,
2019/2/13 11:33,12.1,31.4,-1.7,44.8,19.2,13.6,10.6,94.2,0.002733756,19.0694302,-3.838980405,0.811668782,0.391568388,0.251176072,0.140392316,0.202084101,0.001463281,1.944974866,-10.99264604,0.770830513,0.042053664,-0.037074516,0.07912818,0.11389902,0.001863718,24.04094721,-8.267218273,0.830713012,0.482335593,0.388818375,0.093517218,0.13461095,0.007481441,29.51782559,9.707194481,0.813536767,0.60472222,0.221394263,0.383327956,0.551771548,0.349514724,0.288250588,0.061264136,0.088185082,-0.122386626,0.167424112,-0.289810738,-0.417160598,0.892261716,0.864639155,,,-3.696739111,0.572780087
2019/2/13 11:34,19.1,29.4,2.5,59.5,14.4,45.5,0.2,36.3,0.004017701,29.4013817,0.85625622,0.833296189,0.588053846,0.387079498,0.200974347,0.289287345,0.002683707,9.239061524,-4.055735944,0.784289482,0.196336126,0.053702752,0.142633374,0.205309934,0.004617164,26.15393731,2.785433995,0.820680176,0.531143517,0.296632187,0.23451133,0.337561291,0.001384942,3.665441132,-11.60506613,0.776128363,0.07871209,0.004331327,0.074380763,0.107065472,0.391717719,0.333376746,0.058340973,0.083977411,0.452431427,0.29230086,0.160130567,0.230495819,,,,,,
2019/2/13 11:35,12.6,31.8,-0.8,45.5,19.9,34.8,9.8,94.2,0.002861718,19.89784161,-3.300949894,0.813258066,0.407780393,0.261103754,0.146676638,0.211129907,0.00160193,3.199314542,-9.97898272,0.773558223,0.068930699,-0.017389624,0.086320323,0.124251564,0.005006099,32.71947051,3.920602858,0.836896572,0.651603229,0.402264295,0.249338934,0.358904503,0.007087123,27.70905915,8.912862868,0.810734894,0.56962844,0.205249258,0.364379182,0.524496223,0.338849694,0.278493378,0.060356316,0.086878343,0.081974789,0.197015037,-0.115040248,-0.16559172,0.91395825,0.857223279,,,0.348721332,0.830845417
2019/2/13 11:36,19.1,30.2,2.9,65.2,12.7,17.1,1.2,37.1,0.004127751,29.68041261,1.228874785,0.833442686,0.593530368,0.387087331,0.206443036,0.297159109,0.003027275,10.50446195,-2.636760619,0.785859574,0.222780725,0.062208872,0.160571853,0.231131016,0.001545716,16.67746796,-10.37987343,0.811829205,0.342384578,0.26301988,0.079364697,0.114239468,0.001521857,5.016660924,-10.55407754,0.779138778,0.107312096,0.025893897,0.081418199,0.117195329,0.370749642,0.324878459,0.045871183,0.066028093,0.235072482,0.237125984,-0.002053502,-0.002955861,,,,,,
2019/2/13 11:37,12.7,33.5,-1.6,47.5,18,45.3,10.6,94.4,0.003035391,20.4372945,-2.605068187,0.813768796,0.418572912,0.263092372,0.15548054,0.223802457,0.001564711,2.299223671,-10.24293255,0.771239939,0.049686735,-0.034881468,0.084568203,0.121729521,0.00579473,32.78889174,5.99901643,0.832516378,0.656421355,0.366284502,0.290136854,0.417630017,0.007497516,29.55833833,9.7387769,0.813557545,0.605536726,0.22139491,0.384141816,0.552943038,0.368886177,0.29797384,0.070912337,0.102072936,0.050884629,0.144889591,-0.094004962,-0.135313021,0.98305203,0.901021716,,,0.181382627,0.521566914
2019/2/13 11:38,18.4,25.8,2,53.8,15.1,16,1.5,37.2,0.003371218,27.05378051,-1.357509217,0.830441749,0.542959626,0.373744153,0.169215473,0.243572852,0.002340294,7.873523318,-5.65188392,0.782436469,0.167713794,0.04303754,0.124676254,0.17946202,0.001690709,19.46514327,-9.371432645,0.818835701,0.396195542,0.310128985,0.086066557,0.123886287,0.00155931,5.413057314,-10.28171065,0.780037616,0.11565804,0.032332241,0.0833258,0.119941175,0.375245832,0.330706613,0.04453922,0.064110832,0.280537502,0.277796745,0.002740757,0.003945112,,,,,,
2019/2/13 11:39,11.6,37.2,-1.5,52,15.5,51.1,10.8,94.5,0.003135558,19.57728247,-2.220189811,0.810767192,0.402443568,0.241237609,0.161205959,0.232043764,0.001727727,2.80736656,-9.126715581,0.771725659,0.060629632,-0.032690326,0.093319958,0.134327009,0.005574782,29.6914977,5.446093469,0.825078677,0.599771039,0.31813064,0.281640399,0.405400014,0.007607479,30.03940443,9.953200781,0.814273199,0.614851061,0.225417796,0.389433265,0.560559678,0.341813936,0.273927935,0.067886001,0.097716754,-0.015080022,0.092712844,-0.107792867,-0.155159664,0.960388735,0.874954967,,,-24.91745131,0.266368685
2019/2/13 11:40,17.7,26,2.2,51.4,17.4,16.1,0.3,34.8,0.003250412,26.03932635,-1.79255583,0.828287849,0.523958879,0.360382883,0.163575996,0.235455251,0.002267801,7.893975146,-6.016191024,0.782914283,0.168046816,0.047306274,0.120740542,0.173796862,0.001970951,22.4956507,-7.629171875,0.825740225,0.454050197,0.354556658,0.099493539,0.143213411,0.001337275,3.647049033,-11.9934627,0.776352923,0.078294483,0.006494558,0.071799925,0.103350552,0.355912063,0.31307661,0.042835453,0.061658389,0.375755714,0.3480621,0.027693614,0.039862859,,,,,,
2019/2/13 11:41,13.1,36.7,-0.8,52.7,12.5,44.3,10.4,94.5,0.003415663,21.80193773,-1.201055879,0.815403347,0.445626854,0.271018531,0.174608323,0.251335451,0.001856179,3.834823578,-8.313332684,0.773873626,0.082589358,-0.017390443,0.099979802,0.143913349,0.003967526,22.58729978,0.683336484,0.814412241,0.462241329,0.259174995,0.203066334,0.292298601,0.007404853,29.12094022,9.55588998,0.812864432,0.597084808,0.217367199,0.379717609,0.546574727,0.363037496,0.288408974,0.074628521,0.107422102,-0.13484348,0.041807796,-0.176651275,-0.254276126,0.985015134,0.886251323,,,-3.990861004,0.121054385
2019/2/13 11:42,17.9,23.4,1.8,46.3,18.6,41.5,1.5,36.9,0.002961099,25.50877927,-2.898146063,0.828473867,0.513168053,0.364185127,0.148982926,0.214449634,0.001984299,6.779978765,-7.551995285,0.781421895,0.14460773,0.038759408,0.105848322,0.152360639,0.005509867,32.67676129,5.27918184,0.833853469,0.653127568,0.377695912,0.275431656,0.396463,0.001546704,5.381494687,-10.37270921,0.780021845,0.114985982,0.032332165,0.082653817,0.118973907,0.368560323,0.325425719,0.043134604,0.062088994,0.538141586,0.345363747,0.192777839,0.277489092,,,,,,
2019/2/13 11:43,13.5,38.1,-1.3,54.7,12.4,16.7,11.6,94.7,0.003641074,22.77604878,-0.435322555,0.816837087,0.464720345,0.278915753,0.185804592,0.267451632,0.00184829,3.31043619,-8.361775114,0.772443124,0.07142783,-0.028311405,0.099739236,0.143567072,0.001479958,16.20889844,-10.8661663,0.81089166,0.333149693,0.257073479,0.076076214,0.109505945,0.008044874,31.95827334,10.77955199,0.817134638,0.651836141,0.241454366,0.410381775,0.59071347,0.393292515,0.307227158,0.086065357,0.12388456,-0.318686448,0.015619113,-0.334305561,-0.481207525,0.901127208,0.98272507,,,-1.736823873,0.046344877
2019/2/13 11:44,17.9,24.7,2.4,48.5,16.7,48.6,0.2,34.9,0.003126431,25.92761735,-2.254786669,0.828693049,0.521455992,0.364196237,0.157259754,0.226363501,0.002170249,7.851594505,-6.523690667,0.783360513,0.167049406,0.051568456,0.11548095,0.166226078,0.005725642,31.29262148,5.827386357,0.828707935,0.629345598,0.341350476,0.287995122,0.414547157,0.001331414,3.531548036,-12.0420896,0.776061716,0.075843368,0.004331284,0.071512083,0.102936225,0.354406586,0.312627781,0.041778804,0.060137423,0.553502231,0.337019192,0.216483039,0.311610932,,,,,,
2019/2/13 11:45,13.4,37.7,-1.6,56.5,12.4,16.6,10.8,94.7,0.00357908,22.51824583,-0.641470293,0.816471212,0.45966605,0.276943163,0.182722887,0.263015751,0.00186207,3.042060142,-8.277281429,0.771607739,0.065708261,-0.034883391,0.100591651,0.14479406,0.001471075,16.18648328,-10.93337193,0.810880106,0.332693723,0.257073055,0.075620667,0.108850221,0.007623777,30.08048302,9.984744961,0.814294278,0.615675926,0.225418463,0.390257462,0.561746047,0.39395779,0.311826554,0.082131236,0.118221691,-0.282982203,0.031654592,-0.314636795,-0.452895826,0.871489042,0.986210552,,,-1.995588857,0.091382062
2019/2/13 11:46,17.3,23.3,2.1,46,17.3,47.9,0.3,36.8,0.002838332,24.5910988,-3.397607124,0.826603549,0.495826139,0.352696912,0.143129227,0.206023678,0.002014292,7.157979467,-7.38030059,0.782312114,0.152496242,0.045170274,0.107325968,0.154487599,0.005863274,32.25093905,6.167496681,0.830605475,0.647137139,0.352892961,0.294244178,0.423542199,0.001414305,3.83974189,-11.37188382,0.776448867,0.082421008,0.006494651,0.075926357,0.109290238,0.343329897,0.307526638,0.035803259,0.051536079,0.564716131,0.346398311,0.218317821,0.314251961,,,,,,
2019/2/13 11:47,13.9,38.3,-1.5,59,12.2,16.1,11.2,94.8,0.003757399,23.47492567,-0.057077471,0.81812902,0.478223791,0.286785884,0.191437907,0.275560361,0.001961039,3.390247893,-7.686798119,0.772014346,0.07319052,-0.032691739,0.10588226,0.15240949,0.001407972,15.82554269,-11.42179787,0.810230146,0.325535956,0.253101027,0.072434928,0.104264591,0.007840169,31.03396071,10.39795101,0.815721644,0.634079876,0.233447626,0.40063225,0.576679768,0.40503327,0.319477624,0.085555647,0.123150871,-0.30854392,0.019653402,-0.328197322,-0.472415177,0.87713571,0.980645057,,,-1.793567888,0.057094182
2019/2/13 11:48,16.8,21.1,0.8,45.1,17.3,46.8,0.4,37.7,0.002488766,23.2006727,-4.937030363,0.824718908,0.468860208,0.343071827,0.125788381,0.181062843,0.001798242,5.304800403,-8.673585497,0.778347679,0.113591063,0.017288689,0.096302374,0.13861997,0.005727387,31.90684215,5.831745058,0.8304257,0.640371201,0.352884195,0.287487006,0.413815762,0.001459537,4.053755098,-11.02122233,0.776789172,0.086976734,0.008656441,0.078320293,0.112736127,0.355269145,0.325783138,0.029486007,0.042442873,0.553394467,0.344227754,0.209166713,0.301079635,,,,,,
2019/2/13 11:49,13.5,40.1,-2,59.6,12,17.7,11.5,94.9,0.003833384,23.26170335,0.211258849,0.817088181,0.47448374,0.278925627,0.195558113,0.281491086,0.001899865,2.732705048,-8.048454167,0.770517821,0.059109709,-0.043668869,0.102778578,0.147941976,0.001527922,15.92642894,-10.5095544,0.809818057,0.327777925,0.249131985,0.07864594,0.113204872,0.008008218,31.76378361,10.71186285,0.816800145,0.648134549,0.239455364,0.408679184,0.58826272,0.415374031,0.322594496,0.092779535,0.133549111,-0.320356624,0.009676621,-0.330033244,-0.475057849,0.880090173,0.982995077,,,-1.71222144,0.027936689
2019/2/13 11:50,16.7,21.7,0.6,43.3,17.3,45.2,0.3,36.6,0.002543551,23.23829245,-4.683121794,0.824506802,0.469741272,0.341150845,0.128590427,0.185096177,0.001701439,4.860740451,-9.299997407,0.777658733,0.104174669,0.012975757,0.091198911,0.131273923,0.005529838,31.40660336,5.330718612,0.830164347,0.630529836,0.352871444,0.277658392,0.399668217,0.001406601,3.820470461,-11.43263127,0.776439272,0.082008355,0.006494641,0.075513714,0.10869627,0.365566603,0.328175088,0.037391516,0.053822254,0.54852148,0.346376802,0.202144678,0.290971947,,,,,,
2019/2/13 11:51,14,41.3,-1.2,63.9,11.8,17.1,11.3,95,0.004080213,24.39171937,1.069016897,0.818836256,0.496471246,0.288765649,0.207705597,0.298976469,0.002178326,4.23607525,-6.480883829,0.773136086,0.091318017,-0.026125592,0.117443608,0.169051176,0.001456605,15.54479325,-11.0436463,0.809157498,0.320184746,0.245148488,0.075036258,0.108009007,0.007909881,31.31174731,10.52889551,0.816098838,0.639459868,0.235452157,0.404007711,0.581538489,0.405153229,0.314891241,0.090261988,0.129925293,-0.319275122,0.009696331,-0.328971454,-0.473529481,0.843432523,0.888327376,,,-1.769702489,0.027477188
2019/2/13 11:52,19.6,37.3,5.5,68.5,17.3,47.1,0,38.2,0.005268961,33.081676,4.643988958,0.836390341,0.659215249,0.396625123,0.262590126,0.37797859,0.003822354,15.13065269,0.171786661,0.794270394,0.317495839,0.116898612,0.200597226,0.288744508,0.005764442,32.00067198,5.923999093,0.830474722,0.642216457,0.352886586,0.289329871,0.416468427,0.0014364,3.592435825,-11.1993256,0.775624521,0.077194479,0,0.077194479,0.111115603,0.34171941,0.27972651,0.0619929,0.089234082,0.565021978,0.352886586,0.212135392,0.305352824,,,,,,
2019/2/13 11:53,20.1,34.4,9.5,49.2,11.4,16.9,10.8,95,0.005010278,32.93308189,3.932367059,0.837473317,0.655405595,0.406030357,0.249375238,0.35895676,0.00360762,18.64152005,-0.546159671,0.805395628,0.385763207,0.199050449,0.186712759,0.268758869,0.00140185,15.00327227,-11.47024747,0.807950671,0.309492333,0.237168891,0.072323442,0.104104115,0.007648225,30.14210489,10.03195138,0.814325899,0.616913223,0.225419465,0.391493758,0.563525601,0.269642388,0.206979909,0.06266248,0.090197891,-0.30742089,0.011749426,-0.319170316,-0.459421487,0.90235439,0.849990838,,,-1.876366739,0.032087408
2019/2/13 11:54,18.9,16.9,6.6,18.7,17.2,46.4,-0.7,38,0.002274488,24.77948868,-5.982138057,0.830406994,0.497336223,0.383165387,0.114170836,0.164340268,0.001121104,9.456837151,-13.93180285,0.793963824,0.198515282,0.139656987,0.058858295,0.084722057,0.005641847,31.58861507,5.616720893,0.83002666,0.634289166,0.350959746,0.283329419,0.407831231,0.001348452,2.666574241,-11.90126672,0.77352769,0.057454833,-0.015209621,0.072664453,0.104594975,0.298820941,0.2435084,0.055312541,0.079618211,0.576834333,0.366169367,0.210664966,0.303236256,,,,,,
2019/2/13 11:55,16.4,36.1,0.3,63.4,11.4,17.5,10,95,0.004162193,27.03125335,1.343666761,0.825788211,0.54556469,0.335469575,0.210095114,0.302415998,0.002440612,6.40709334,-5.164480599,0.777727177,0.13730379,0.006495885,0.130807905,0.188288068,0.001451736,15.12906361,-11.08098068,0.808015328,0.312062224,0.237171086,0.074891138,0.107800119,0.007245641,28.31213157,9.236825935,0.811512397,0.581468455,0.209296121,0.372172334,0.535713875,0.408260899,0.32897369,0.079287209,0.11412793,-0.269406231,0.027874965,-0.297281196,-0.427913757,0.864537375,0.910931446,,,-2.076116424,0.078564715
2019/2/13 11:56,19,22.9,4,38.6,17.4,46.6,0,41.3,0.003105434,26.98719212,-2.334732152,0.831797087,0.540740695,0.385119984,0.155620711,0.224004222,0.001933656,8.874033523,-7.847387166,0.787610475,0.18778389,0.085447505,0.102336385,0.147305472,0.005739194,32.03837411,5.861196751,0.830727235,0.642777653,0.354802598,0.287975055,0.414518272,0.001553257,3.884696613,-10.32532033,0.775769912,0.083458952,0,0.083458952,0.120132837,0.352956806,0.299672479,0.053284326,0.07669875,0.559318701,0.354802598,0.204516103,0.294385434,,,,,,
2019/2/13 11:57,16,37.5,-0.5,68.2,11.4,18.1,10.1,94.9,0.004215018,26.75948983,1.51809401,0.824716997,0.540781261,0.327743331,0.21303793,0.306651958,0.002464891,5.659468388,-5.04929064,0.775482025,0.121633346,-0.010858291,0.132491636,0.190711672,0.00150163,15.25487509,-10.70374296,0.808079996,0.314632115,0.237173281,0.077458834,0.111496122,0.007287137,28.51857684,9.320583913,0.811852535,0.585462992,0.211316048,0.374146944,0.538556177,0.419147915,0.338601622,0.080546293,0.115940287,-0.270830877,0.025857233,-0.29668811,-0.427060054,0.83558043,0.934035871,,,-2.072553456,0.072826878
2019/2/13 11:58,17.2,18.6,1.6,35.3,17.3,46.6,-0.1,39.9,0.002249378,22.99872783,-6.110478325,0.825540051,0.464316819,0.35074079,0.113576029,0.163484088,0.001490158,5.340788314,-10.78945014,0.780235086,0.114085024,0.034474729,0.079610295,0.114592988,0.005702687,31.84429507,5.769951774,0.830393022,0.63914103,0.352882601,0.286258429,0.412047319,0.001488138,3.620965384,-10.80460046,0.775404914,0.07782956,-0.002168085,0.079997644,0.115150548,0.350231795,0.316266061,0.033965734,0.0488911,0.56131147,0.355050685,0.206260785,0.296896771,,,,,,
2019/2/13 11:59,15.1,39.7,-1.3,70.6,10.8,16.8,9.5,94.9,0.00421203,25.83968836,1.508280304,0.822146083,0.523825974,0.310273346,0.213552627,0.307392826,0.002387607,4.658001682,-5.419668671,0.773110935,0.100416846,-0.028314231,0.128731077,0.185298631,0.001338975,14.23967858,-11.9793941,0.806165712,0.294391057,0.225158464,0.069232594,0.099655073,0.006996294,27.17470074,8.72430406,0.809758368,0.559317072,0.199174003,0.360143068,0.518398659,0.423409128,0.338587578,0.08482155,0.122094195,-0.264926014,0.02598446,-0.290910474,-0.418743586,0.893930286,0.884740317,,,-2.071838336,0.073134671
2019/2/13 12:00,19.1,34.7,4.1,59.3,17.2,46.2,-0.2,44.5,0.004747508,31.25179131,3.175074445,0.83426769,0.624335803,0.387131392,0.237204411,0.341437777,0.002996669,11.64144715,-2.756988117,0.789237085,0.24583756,0.087569311,0.158268249,0.227815153,0.005617309,31.5264839,5.554502296,0.829994208,0.633066343,0.350958171,0.282108172,0.406073338,0.001646495,3.916090155,-9.670245468,0.775317814,0.084182471,-0.004337885,0.088520356,0.127418345,0.378498243,0.299562081,0.078936162,0.113622625,0.548883872,0.355296056,0.193587816,0.278654993,,,,,,
2019/2/13 12:01,17,36.7,0,68.9,10.8,18.4,8.8,94.2,0.004397487,28.23505158,2.105945678,0.827810361,0.568468595,0.34703876,0.221429835,0.31873147,0.002595601,6.491598774,-4.4465014,0.777066771,0.139232968,0,0.139232968,0.200415308,0.001466797,14.56185357,-10.96586652,0.806331033,0.300989978,0.225163804,0.075826174,0.109146032,0.006620397,25.51557118,7.919918554,0.807270202,0.526787089,0.184943413,0.341843676,0.49205807,0.429235627,0.34703876,0.082196867,0.118316162,-0.225797111,0.040220391,-0.266017502,-0.382912038,0.810270164,0.899774233,,,-2.441536659,0.111397544
2019/2/13 12:02,16.1,17.8,0.8,31,17.5,45.8,-0.2,47.5,0.002006448,21.27303401,-7.424977456,0.822092404,0.431278242,0.329543416,0.101734826,0.146439573,0.001234926,3.895133349,-12.87226654,0.777644762,0.08348142,0.017286883,0.066194537,0.095282021,0.005675845,31.97957497,5.702530133,0.830929284,0.641441969,0.356714787,0.284727182,0.409843205,0.001757809,4.194444733,-8.931371252,0.775456206,0.090150045,-0.004337975,0.09448802,0.136008346,0.347796822,0.312256534,0.035540288,0.051157552,0.551291924,0.361052762,0.190239162,0.273834859,,,,,,
2019/2/13 12:03,15.1,41,-1.4,73,10.7,17,8.8,94.3,0.00435092,26.19083839,1.958025063,0.82232844,0.530826799,0.310281265,0.220545534,0.317458585,0.002448562,4.709266009,-5.126648785,0.772901997,0.101549442,-0.030503814,0.132053256,0.190080657,0.001345936,14.15637982,-11.92196092,0.8058908,0.292768777,0.22315254,0.069616237,0.100207298,0.0066275,25.53344838,7.935492441,0.807279324,0.527150219,0.184943652,0.342206567,0.492580424,0.429277356,0.340785079,0.088492277,0.127377928,-0.234381443,0.038208887,-0.27259033,-0.392373126,0.770237711,0.884064777,,,-2.260327794,0.107695201
2019/2/13 12:04,15.2,18.8,0.5,34.6,17.4,44.7,0,50.1,0.002000396,20.34907333,-7.459553994,0.81952652,0.413838008,0.31209246,0.101745547,0.146455006,0.001349016,3.878107115,-11.8966295,0.776935379,0.0831924,0.010816375,0.072376024,0.104179803,0.005503122,31.44054412,5.261736334,0.83041481,0.631020862,0.354787277,0.276233585,0.397617315,0.001885221,4.714937434,-8.136618165,0.776182933,0.101241972,0,0.101241972,0.145730147,0.330645608,0.301276085,0.029369523,0.042275203,0.52977889,0.354787277,0.174991613,0.251887168,,,,,,
2019/2/13 12:05,15,41.4,-1.1,75.4,10.3,17.9,8.3,90.3,0.004365275,26.12574284,2.003773604,0.822061997,0.529679086,0.308334203,0.221344883,0.318609188,0.002593517,5.374635779,-4.455893774,0.773934869,0.115742637,-0.023941494,0.139684132,0.201064724,0.001379934,13.83867009,-11.64529338,0.804799038,0.286586453,0.215114883,0.07147157,0.10287791,0.006130022,23.77282083,6.806838668,0.805209966,0.492062564,0.174729517,0.317333047,0.456776877,0.413936449,0.332275697,0.081660752,0.117544465,-0.205476111,0.040385366,-0.245861477,-0.353898967,0.815849126,0.935943091,,,-2.47566768,0.1182325
2019/2/13 12:06,15.7,19.3,0.5,38.7,17.5,45.2,0.7,53.7,0.002120974,21.15886101,-6.78805605,0.821106225,0.42947876,0.32180784,0.107670921,0.154984132,0.001509259,4.279018024,-10.64707935,0.777135114,0.091769071,0.010816697,0.080952373,0.116524808,0.00560082,31.78956603,5.512556302,0.830829959,0.637707024,0.356709892,0.280997132,0.404474081,0.002126856,6.026153284,-6.756205337,0.77847346,0.129016458,0.015134048,0.11388241,0.1639251,0.33770969,0.310991143,0.026718547,0.038459324,0.508690567,0.341575844,0.167114723,0.240548981,,,,,,
2019/2/13 12:07,15.9,42.4,-1,77.9,10.4,18.6,8.6,86.8,0.004739377,27.98459943,3.151047917,0.825122146,0.565261753,0.325838985,0.239422768,0.344630934,0.002702309,5.747596915,-3.974743051,0.774354213,0.123707317,-0.021757435,0.145464751,0.209385488,0.001443659,14.10009089,-11.14316582,0.805165271,0.291867426,0.217129343,0.074738083,0.107579807,0.006012454,23.78207753,6.528177172,0.805917366,0.491822085,0.180848387,0.310973698,0.447623076,0.441554436,0.34759642,0.093958017,0.135245446,-0.199954659,0.036280956,-0.236235615,-0.340043269,0.806125669,0.940511528,,,-2.476917365,0.107576123
2019/2/13 12:08,16.3,18.5,0.3,37.8,17.5,44.3,0.9,54.6,0.002112492,21.74329541,-6.834129943,0.822800646,0.440432635,0.333413137,0.107019498,0.154046458,0.001452827,3.936106179,-11.07260655,0.776496848,0.08448427,0.006494697,0.077989573,0.112260082,0.005488315,31.50463778,5.223376124,0.830681015,0.632104607,0.356702549,0.275402057,0.396420395,0.002194188,6.39662985,-6.397237905,0.779126049,0.13683344,0.019444104,0.117389336,0.168973055,0.355948365,0.32691844,0.029029925,0.041786377,0.495271167,0.337258446,0.158012721,0.227447339,,,,,,
2019/2/13 12:09,18,42.2,-0.8,79.3,10.3,18.4,9.4,85.7,0.005394742,31.77552525,4.978796142,0.831985928,0.636539718,0.366257701,0.270282017,0.389050484,0.002797288,6.187177055,-3.569026994,0.775041101,0.133050515,-0.017393471,0.150443986,0.216552718,0.001418568,13.93601087,-11.33839964,0.804848917,0.288584407,0.215116425,0.073467983,0.105751594,0.006268404,25.2400333,7.128779526,0.80853509,0.520283197,0.197121026,0.323162171,0.465167459,0.503489203,0.383651171,0.119838031,0.172497766,-0.231698789,0.017995399,-0.249694188,-0.359415865,0.818243266,0.967437102,,,-2.046701936,0.055807376
2019/2/13 12:10,17.7,16.4,-0.5,32.1,17.4,45.4,1.5,57.5,0.002046311,22.98940144,-7.199577559,0.826692659,0.463481424,0.360302715,0.103178709,0.148517933,0.001157733,2.391444958,-13.58046655,0.773858667,0.051504774,-0.010855661,0.062360436,0.089763122,0.005590075,31.66074495,5.485163388,0.830529886,0.635352311,0.354792921,0.280559389,0.403843983,0.002413526,7.551764135,-5.294238826,0.781106247,0.161133951,0.032337355,0.128796595,0.18539294,0.41197665,0.371158377,0.040818273,0.058754811,0.47421836,0.322455566,0.151762794,0.218451043,,,,,,
2019/2/13 12:11,19.7,39.5,-0.8,80,9.9,21.4,9,84.9,0.005617616,34.06761047,5.555281972,0.837141115,0.678253042,0.398538025,0.279715017,0.402628573,0.002822092,6.249176942,-3.4651579,0.775071872,0.13437844,-0.01739355,0.15177199,0.21846428,0.001606742,14.00657436,-9.945268636,0.803955736,0.290367859,0.207061808,0.083306052,0.119912749,0.006042446,24.2643181,6.599726374,0.807100071,0.501059678,0.188992664,0.312067014,0.449196821,0.543874602,0.415931575,0.127943027,0.184164293,-0.210691818,0.018069144,-0.228760962,-0.329284072,0.757248322,0.901637689,,,-2.174066769,0.057096096
2019/2/13 12:12,18.7,15,0.2,30.9,17.2,45.2,1.6,59.6,0.001992791,23.86343333,-7.503143766,0.829463844,0.479495148,0.379350746,0.100144402,0.144150279,0.001178528,3.149123007,-13.38552024,0.775871359,0.067647018,0.004331161,0.063315856,0.091138377,0.005494648,31.21590091,5.239793956,0.829831987,0.62695223,0.350950295,0.276001935,0.397283874,0.002520117,7.919690325,-4.791108992,0.781524042,0.16889415,0.034481304,0.134412846,0.193477107,0.41184813,0.375019584,0.036828546,0.053011902,0.45805808,0.316468991,0.14158909,0.203806767,,,,,,
2019/2/13 12:13,20.9,37.7,-0.5,81.4,9.7,24.1,8.3,83.2,0.005775813,35.68859677,5.952202854,0.840783321,0.707447367,0.421101155,0.286346212,0.412173676,0.002944225,6.857850179,-2.965651788,0.776077309,0.147275924,-0.010859252,0.158135177,0.227623605,0.00178585,14.25587745,-8.752024415,0.803618424,0.295660167,0.203028935,0.092631232,0.13333564,0.005643664,22.54915472,5.621320043,0.804586465,0.467096156,0.174713987,0.292382169,0.420861979,0.560171443,0.431960407,0.128211035,0.184550071,-0.171435989,0.028314948,-0.199750937,-0.287526339,0.795792766,0.930765062,,,-2.56474327,0.091830092
2019/2/13 12:14,19.9,15.1,0,31.9,17,45.3,1.8,62.1,0.002162335,25.50506856,-6.565779084,0.833100662,0.510243834,0.402053655,0.108190179,0.155731565,0.00119905,2.998823882,-13.19619872,0.775329216,0.064463452,0,0.064463452,0.092790255,0.005436968,30.86669139,5.089632344,0.829184149,0.620422927,0.34710491,0.273318016,0.393420575,0.002664347,8.482988422,-4.140579519,0.78227357,0.180733628,0.038764283,0.141969344,0.204354114,0.445780382,0.402053655,0.043726727,0.06294131,0.439689299,0.308340627,0.131348672,0.189066461,,,,,,
2019/2/13 12:15,21.4,36.4,-0.1,82.7,9.6,29,8.2,79.4,0.005750259,36.13191334,5.888751549,0.842178697,0.71504843,0.430441412,0.284607018,0.409670238,0.003092374,7.632868268,-2.38471234,0.777400134,0.163640918,-0.002168728,0.165809646,0.238670422,0.002135754,15.03612901,-6.70817273,0.803784952,0.311777609,0.201019944,0.110757665,0.159427267,0.005346897,21.70093001,4.852272348,0.803920279,0.449898051,0.172660973,0.277237079,0.399061769,0.551407513,0.43261014,0.118797373,0.170999817,-0.138120443,0.028358971,-0.166479414,-0.239634502,0.813788522,0.936069353,,,-3.020907231,0.093864868
2019/2/13 12:16,20.4,14.1,0.3,29.2,16.9,43.5,2,62.9,0.002082306,25.8069225,-6.999491681,0.834415087,0.515469317,0.411447392,0.104021925,0.149731679,0.001121693,3.107762285,-13.92606904,0.776084407,0.066740212,0.006494298,0.060245914,0.086719429,0.005185843,30.12938399,4.418804192,0.828566596,0.606054362,0.345166211,0.260888151,0.375528727,0.002737885,8.869334809,-3.82126009,0.782934764,0.188805318,0.043040703,0.145764614,0.209817118,0.448729105,0.404953094,0.043776011,0.06301225,0.417249045,0.302125508,0.115123537,0.165711609,,,,,,
2019/2/13 12:17,22.3,36.2,0.1,84,9.8,31.8,7.8,78.4,0.00604459,37.79462388,6.604828189,0.845148077,0.745325482,0.447201787,0.298123695,0.42912647,0.003190866,8.081531775,-2.012495192,0.77809214,0.173105715,0.00216718,0.170938535,0.246053069,0.002374545,15.83954151,-5.483348615,0.804661258,0.328078873,0.20507187,0.123007003,0.17705926,0.00513598,20.76419488,4.282162977,0.80250742,0.431235782,0.164465966,0.266769816,0.383994938,0.572219767,0.445034607,0.12718516,0.183073401,-0.103156909,0.040605905,-0.143762814,-0.206935677,0.764786623,0.886308172,,,-3.739306312,0.140150788
2019/2/13 12:18,20.3,14.1,0.7,28.4,16.7,42.6,2.4,65.7,0.00206944,25.67329565,-7.070646855,0.834113639,0.51298557,0.40956904,0.10341653,0.148860259,0.001123008,3.514262679,-13.91328062,0.777221296,0.075359547,0.015131231,0.060228315,0.086694096,0.005013075,29.48901303,3.940234837,0.827767174,0.593746123,0.341305949,0.252440175,0.363368504,0.002943547,9.788962168,-2.968373218,0.784331085,0.208010842,0.051575827,0.156435015,0.225176352,0.437626023,0.394437809,0.043188214,0.062166162,0.385735281,0.289730122,0.096005159,0.138192152,,,,,,
2019/2/13 12:19,22.1,36.2,0.2,84.5,9.8,35.3,7.3,72.5,0.005970709,37.40351676,6.428060579,0.84447661,0.738199186,0.443485237,0.294713949,0.4242184,0.003233462,8.289255901,-1.854782439,0.77842993,0.1774781,0.004332809,0.173145291,0.249229528,0.002637003,16.50059003,-4.261383738,0.804999516,0.341627328,0.20508182,0.136545508,0.196546913,0.004585909,18.87358502,2.690543277,0.800376542,0.393014705,0.154182143,0.238832562,0.343781376,0.560721086,0.439152428,0.121568658,0.174988872,-0.051387377,0.050899677,-0.102287054,-0.147234463,0.824973235,0.936579745,,,-7.035681136,0.179396746
2019/2/13 12:20,21.2,14.4,0.7,28.3,16.5,40.6,2.5,66.7,0.002234512,27.00122038,-6.187077994,0.836893154,0.537727352,0.426432489,0.111294863,0.160200523,0.001119047,3.50435029,-13.95184616,0.777216355,0.075147464,0.01513122,0.060016244,0.086388836,0.004715088,28.53186192,3.079060164,0.826802861,0.575144396,0.337432857,0.237711539,0.342167749,0.00301003,10.05666716,-2.70436737,0.784699201,0.213599197,0.053705988,0.159893209,0.230154159,0.462579888,0.411301269,0.051278619,0.073811687,0.361545199,0.283726869,0.07781833,0.112013589,,,,,,
2019/2/13 12:21,22.9,34.2,0.4,85.2,10,38.6,7.1,75.1,0.005921343,38.09143445,6.308856893,0.846698208,0.749803454,0.45829308,0.291510375,0.419607096,0.003308257,8.678738541,-1.58242191,0.779092672,0.185659097,0.008659401,0.176999696,0.254777651,0.002923797,17.42519148,-3.047856224,0.805938407,0.360349942,0.209130426,0.151219516,0.217669035,0.004686459,18.92349377,2.993784062,0.799934115,0.394271924,0.150067761,0.244204163,0.351513389,0.564144357,0.449633678,0.114510678,0.164829445,-0.033921983,0.059062664,-0.092984647,-0.133844354,0.792182484,0.909890082,,,-9.565077165,0.219683674
2019/2/13 12:22,19.7,13.1,-0.5,28.3,16.5,39.8,3.2,70.6,0.001851879,24.51559819,-8.339716464,0.83211797,0.491028097,0.39826184,0.092766257,0.133529998,0.001020455,2.048238221,-14.95443461,0.773688183,0.044122819,-0.010855384,0.054978204,0.079136958,0.004621489,28.29498455,2.798519786,0.826679373,0.57045463,0.337427062,0.233027568,0.335425528,0.003350174,11.61733702,-1.432247846,0.787120065,0.245988245,0.068573838,0.177414408,0.255374597,0.446905278,0.409117224,0.037788053,0.05439304,0.324466385,0.268853224,0.05561316,0.080050931,,,,,,
2019/2/13 12:23,21.2,36.7,-0.5,85.6,10.3,41.2,7.3,70.8,0.005726763,35.86897466,5.830186009,0.841575354,0.710353792,0.426706498,0.283647295,0.408288789,0.003096895,7.239539395,-2.367388266,0.776266909,0.155434926,-0.010859558,0.166294485,0.239368311,0.00318536,18.38760624,-2.033021977,0.807130008,0.379691129,0.215186742,0.164504387,0.2367916,0.004477603,18.60128518,2.357196428,0.800238189,0.387411428,0.154179077,0.233232351,0.335720297,0.554918866,0.437566056,0.11735281,0.168920478,-0.007720299,0.061007665,-0.068727964,-0.098928697,0.75054106,0.863832701,,,-40.9287955,0.223569974
2019/2/13 12:24,18.4,15,-0.2,30.1,16.6,36.6,3.1,69.1,0.001955573,23.46623741,-7.718683961,0.828561793,0.472027506,0.373646413,0.098381093,0.14161213,0.001112744,2.58136997,-14.01347097,0.774654219,0.055538112,-0.004337456,0.059875568,0.086186343,0.004274672,27.51863729,1.712738399,0.826507055,0.554918379,0.339333301,0.215585078,0.310318386,0.003255363,11.27847797,-1.774436736,0.786715936,0.23893584,0.066453791,0.172482049,0.24827484,0.416489394,0.377983868,0.038505526,0.055425787,0.315982539,0.27287951,0.04310303,0.062043545,,,,,,
2019/2/13 12:25,19.5,38.2,0.2,86.5,10.6,43.5,5.6,68,0.005363464,33.21980405,4.896196146,0.836230612,0.662094155,0.394743193,0.267350962,0.384831453,0.003310401,8.481708053,-1.574697222,0.778525726,0.181576274,0.00433287,0.177243404,0.255128451,0.003432583,19.31416626,-1.141985351,0.80830379,0.398244787,0.221230263,0.177014524,0.254798995,0.003820887,15.22826081,0.166532187,0.794553574,0.319430124,0.11898131,0.200448814,0.288530879,0.480517881,0.390410323,0.090107558,0.129703002,0.078814663,0.102248953,-0.023434289,-0.033731884,0.772031894,0.873109357,,,0.246710654,0.350907464
2019/2/13 12:26,15.9,16.1,-0.7,31.8,16.9,33.9,2.5,73.1,0.001791156,20.52648668,-8.718376061,0.821240521,0.416574806,0.325661908,0.090912899,0.13086223,0.001128042,2.115608372,-13.86445284,0.773254164,0.045599676,-0.015208998,0.060808675,0.08752948,0.004033958,27.21338337,0.911871721,0.827044779,0.548406085,0.345093243,0.203312842,0.292653432,0.003300381,10.7841452,-1.610833387,0.785063755,0.228944149,0.053708864,0.175235285,0.252237915,0.37097513,0.340870906,0.030104224,0.04333275,0.319461936,0.291384378,0.028077558,0.040415517,,,,,,
2019/2/13 12:27,18.5,41.2,0.5,87.5,11.6,43.8,4.3,70.3,0.005435232,32.38601006,5.085088557,0.833468508,0.647615152,0.375788963,0.271826189,0.391273203,0.00342288,9.066711884,-1.175827418,0.779520353,0.193852366,0.010820525,0.183031841,0.263460467,0.003695172,20.98859345,-0.258053652,0.811493018,0.431069502,0.241262489,0.189807013,0.273212814,0.003606297,13.37313908,-0.550563444,0.790576842,0.281927878,0.091785096,0.190142782,0.273696128,0.453762786,0.364968438,0.088794348,0.127812735,0.149141624,0.149477393,-0.000335769,-0.000483314,0.77732997,0.892690033,,,0.489056102,0.49561443
2019/2/13 12:28,14.9,16.4,-0.9,32,18.1,29.5,3.1,74.8,0.001710852,19.31425434,-9.23766402,0.818293988,0.393384583,0.306234938,0.087149645,0.12544531,0.001116465,1.885065289,-13.97704971,0.772672178,0.04066117,-0.01956875,0.06022992,0.086696406,0.003785261,27.79920415,0.038301116,0.830136517,0.558125151,0.368057261,0.19006789,0.273588326,0.003525417,11.95539452,-0.82258634,0.787055744,0.253167043,0.066457099,0.186709944,0.268754818,0.352723413,0.325803687,0.026919725,0.038748905,0.304958109,0.301600163,0.003357946,0.004833509,,,,,,
2019/2/13 12:29,18,42.6,0.3,87.7,12.6,44.2,4.6,65.6,0.005446325,31.90620965,5.114087258,0.832054335,0.63910509,0.366261159,0.272843931,0.392738166,0.003381137,8.759855463,-1.32242683,0.77889864,0.187441066,0.006497013,0.180944052,0.260455253,0.003984758,22.73210392,0.742941536,0.814719777,0.465029092,0.261157797,0.203871295,0.293457282,0.003435745,13.24892477,-1.130977703,0.791215903,0.279083638,0.098079571,0.181004067,0.26054164,0.451664025,0.359764146,0.091899879,0.132282913,0.185945454,0.163078226,0.022867228,0.032915642,0.763966056,0.88098371,,,0.647901307,0.535872877
2019/2/13 12:30,14,17.3,-1.3,32.3,18.8,26.9,3.6,76.7,0.001702654,18.38536403,-9.291930721,0.815726541,0.375643943,0.288638928,0.087005014,0.125237126,0.001090077,1.415924424,-14.2377512,0.771504263,0.030587959,-0.028307423,0.058895382,0.08477544,0.003605455,28.05238984,-0.553367117,0.831892587,0.56201947,0.381362286,0.180657184,0.260042328,0.003746365,13.01560387,-0.092487436,0.788758801,0.275022898,0.077039687,0.19798321,0.28498183,0.345055984,0.316946352,0.028109632,0.040461686,0.286996572,0.304322598,-0.017326026,-0.024939502,,,,,,
2019/2/13 12:31,17.8,42.9,0.1,88.1,13.1,46.1,4.7,60.7,0.005415785,31.62568179,5.03412601,0.831442298,0.633952227,0.362438536,0.271513691,0.390823386,0.003347449,8.473173759,-1.441960038,0.778287028,0.181449205,0.002167243,0.179281963,0.258062801,0.004296563,24.02589748,1.783555975,0.816551904,0.490393351,0.271062466,0.219330885,0.31571019,0.003200224,12.75910848,-1.977682929,0.791202698,0.268770327,0.10017132,0.168599008,0.242685497,0.452503022,0.360271293,0.092231729,0.132760585,0.221623024,0.170891146,0.050731877,0.073024694,0.776243245,0.893178555,,,0.764203895,0.544234796
2019/2/13 12:32,13.8,17.7,-1.7,33.1,19.2,24.7,3.5,75.6,0.001719581,18.22630517,-9.180148443,0.815180511,0.372643542,0.284714712,0.08792883,0.126566889,0.001080465,0.988728535,-14.3341487,0.770357188,0.021391128,-0.037071881,0.058463009,0.084153071,0.003393139,27.91903253,-1.280108471,0.832749635,0.558772036,0.388928273,0.169843763,0.244477228,0.003666194,12.71331219,-0.352708341,0.788372768,0.26876694,0.074925664,0.193841276,0.27901983,0.351252414,0.321786593,0.029465821,0.042413817,0.290005096,0.314002609,-0.023997513,-0.034542602,,,,,,
2019/2/13 12:33,17.6,43.5,0.3,88.8,13.7,46.6,4,61.9,0.005422768,31.44021225,5.052443892,0.830880009,0.630660904,0.358613163,0.272047741,0.39159211,0.00342378,8.866526791,-1.172685927,0.778951753,0.189710654,0.006497064,0.18321359,0.26372208,0.00451809,25.19366879,2.482641883,0.818552897,0.512971711,0.282896105,0.230075605,0.331176401,0.003106692,11.81626739,-2.329928965,0.789091311,0.249575413,0.085466035,0.164109378,0.236223015,0.44095025,0.352116099,0.088834151,0.12787003,0.263396298,0.197430071,0.065966227,0.094953386,0.755930124,0.874713218,,,0.98202734,0.64263612
2019/2/13 12:34,13.1,17.5,-1.7,32.8,19.4,23.2,4,79.2,0.001624056,17.27876606,-9.824727094,0.81306737,0.354188896,0.270928792,0.083260104,0.119846611,0.001070656,0.96422484,-14.43334788,0.770345059,0.020861319,-0.037071814,0.057933133,0.083390355,0.003226162,27.69800276,-1.881673251,0.833096825,0.554117319,0.392698862,0.161418457,0.232349638,0.003980517,14.00801136,0.728293295,0.790194423,0.295454953,0.085479793,0.20997516,0.302243333,0.333327577,0.308000606,0.025326972,0.036456257,0.258662366,0.30721907,-0.048556703,-0.069893695,,,,,,
2019/2/13 12:35,17.4,44.1,0.2,89,14.2,48.1,3.9,59.1,0.00542861,31.25184911,5.067753342,0.830316198,0.627308191,0.354782439,0.272525752,0.392280171,0.003406601,8.722339863,-1.23280079,0.778645504,0.186698992,0.004332947,0.182366045,0.262502105,0.004819749,26.46292693,3.386927664,0.820374521,0.53761882,0.292726769,0.244892051,0.352503552,0.002944604,11.30858338,-2.964132225,0.78860205,0.239000634,0.083356968,0.155643666,0.224037264,0.440609198,0.350449492,0.090159706,0.129778066,0.298618186,0.209369801,0.089248385,0.128466288,0.866539021,0.838759107,,,0.76958264,0.705679669
2019/2/13 12:36,19.8,36.4,5,60.5,19.4,22.1,4.5,80.5,0.005205548,33.12391584,4.472479414,0.836877127,0.659673023,0.400394124,0.259278898,0.373212329,0.003257516,13.20644547,-1.766566321,0.79212956,0.277867959,0.106451422,0.171416537,0.246741118,0.003072442,27.3081657,-2.461360565,0.832891987,0.546452724,0.392687728,0.153764996,0.221333061,0.004191766,15.0446532,1.441556958,0.791887156,0.316641352,0.095995319,0.220646033,0.317603247,0.381805063,0.293942703,0.087862361,0.126471211,0.229811372,0.296692409,-0.066881037,-0.096270185,,,,,,
2019/2/13 12:37,20.8,33.7,11.6,46.4,14.4,49.3,4.1,57,0.005126008,33.93739726,4.25469526,0.839627354,0.67365991,0.419179031,0.254480879,0.366305943,0.003915901,21.54525847,0.503366553,0.811779306,0.442346384,0.24127229,0.201074095,0.289430924,0.005005877,27.1362115,3.91997776,0.821189299,0.550750226,0.296653337,0.254096889,0.365753218,0.002879903,11.34855003,-3.226293135,0.789089627,0.239697107,0.087567423,0.152129683,0.218979153,0.231313526,0.177906742,0.053406784,0.076875019,0.311053119,0.209085914,0.101967205,0.146774066,0.427326031,0.436345847,,,0.675632344,0.714371244
2019/2/13 12:38,21.3,31.4,17.2,36.5,19.3,20.5,4.6,81.3,0.004923581,33.93097029,3.686512243,0.84078404,0.67260574,0.428510641,0.2440951,0.351356401,0.004429518,28.51894284,2.206883434,0.828423331,0.573759449,0.350881773,0.222877676,0.320815528,0.002831222,26.59531644,-3.427136266,0.83228596,0.532575695,0.390779748,0.141795947,0.204104522,0.004263656,15.32640423,1.676976403,0.792263317,0.322418147,0.098094515,0.224323632,0.322896872,0.098846291,0.077628868,0.021217423,0.030540873,0.210157548,0.292685233,-0.082527685,-0.118792349,,,,,,
2019/2/13 12:39,21.4,30.8,19.5,33.5,14.6,49.4,3.2,57.7,0.004858693,33.86766858,3.499962622,0.840982527,0.671192474,0.430371144,0.24082133,0.346644057,0.004698576,31.53351754,3.029933909,0.835344319,0.629152092,0.394695091,0.234457,0.337483087,0.005081934,27.53144165,4.132715024,0.821860148,0.558315623,0.30056866,0.257746963,0.371007224,0.00273534,10.0760848,-3.832179534,0.786346141,0.213563389,0.068566058,0.14499733,0.208712671,0.042040382,0.035676053,0.006364329,0.00916097,0.344752235,0.232002602,0.112749633,0.162294553,0.132356845,0.126854906,,,0.623625697,0.787019314
2019/2/13 12:40,16.6,14.8,2.7,20.9,19.3,20.8,4.5,81.6,0.001721509,21.05667528,-9.167481315,0.823137422,0.426349937,0.33917345,0.087176487,0.125483947,0.000953539,5.105648942,-15.68688418,0.782684619,0.108720865,0.057938345,0.050782521,0.073097591,0.002872846,26.70086783,-3.255213673,0.832341407,0.534653761,0.390782751,0.14387101,0.207091418,0.004249436,15.18935459,1.630692392,0.79196009,0.319657408,0.095996337,0.223661072,0.321943166,0.317629072,0.281235106,0.036393966,0.052386357,0.214996353,0.294786415,-0.079790062,-0.114851749,,,,,,
2019/2/13 12:41,18.8,36.4,2.5,76.1,14.8,50.7,3.5,54.7,0.004888765,31.30549605,3.586692049,0.833599143,0.625910273,0.381452234,0.244458039,0.351878824,0.003436576,11.12538326,-1.128086538,0.785234756,0.236137095,0.053710213,0.182426882,0.262589675,0.005285159,28.24817141,4.687504935,0.822697928,0.572266978,0.30448575,0.267781228,0.385450787,0.002648341,10.1612308,-4.21115533,0.787090153,0.215164484,0.074911599,0.140252886,0.201883402,0.389773178,0.327742022,0.062031157,0.08928915,0.357102494,0.229574152,0.127528342,0.183567386,0.931037071,0.996051593,,,0.532869003,0.811762255
2019/2/13 12:42,16.5,17.3,0.5,31,19,20.7,4.8,83.4,0.002000435,21.66166706,-7.459328378,0.823221333,0.438554942,0.337264056,0.101290886,0.145800555,0.001208383,3.526257652,-13.11107721,0.776760087,0.075661664,0.010816093,0.064845571,0.093340286,0.00280575,26.22740357,-3.533496289,0.831398291,0.525768933,0.385098682,0.140670251,0.202484168,0.004436612,15.96320461,2.229149878,0.793052773,0.335480083,0.10228909,0.233190993,0.335660765,0.362893278,0.326447963,0.036445315,0.052460269,0.19028885,0.282809592,-0.092520742,-0.133176598,,,,,,
2019/2/13 12:43,19,36.1,2.4,81.5,14.7,50.2,2.9,57.5,0.004909596,31.56127406,3.646492418,0.83419792,0.630571261,0.385247796,0.245323465,0.35312454,0.003655592,11.57287236,-0.38751051,0.785224779,0.245638206,0.051582598,0.194055608,0.279328345,0.00519866,27.92798686,4.453737989,0.822298807,0.566055117,0.302528686,0.263526432,0.379326331,0.002668226,9.604600078,-4.123534983,0.785408111,0.203813362,0.062204748,0.141608614,0.20383487,0.384933055,0.333665198,0.051267857,0.073796195,0.362241755,0.240323938,0.121917817,0.175491461,0.859960047,0.922368191,,,0.355925813,0.985895554
2019/2/13 12:44,14.2,16.1,-0.7,30.7,17.5,20.3,5.3,83.4,0.001604989,18.34041486,-9.95754262,0.816166865,0.37452339,0.292553277,0.081970113,0.117989766,0.001088954,2.017897059,-14.24897674,0.773205656,0.043496342,-0.015208888,0.05870523,0.08450173,0.002502996,23.94405634,-4.870588898,0.826728791,0.482706796,0.356506745,0.126200051,0.181655412,0.004595184,16.86831456,2.718761285,0.794680503,0.353775605,0.112744678,0.241030928,0.346945758,0.331027048,0.307762165,0.023264883,0.033488036,0.128931191,0.243762067,-0.114830876,-0.165290346,,,,,,
2019/2/13 12:45,17.9,40.2,1.6,89.8,13.5,54.6,3.3,51.4,0.005104463,30.93858345,4.19518259,0.831315343,0.620273717,0.364328707,0.25594501,0.368413449,0.003804901,11.13664483,0.109123018,0.783131902,0.237010837,0.034489476,0.20252136,0.291514153,0.005231178,26.79164813,4.542025074,0.818913235,0.545268351,0.278997216,0.266271135,0.383277124,0.002452874,9.469048171,-5.106175559,0.786275005,0.200715359,0.070679481,0.130035878,0.187176793,0.38326288,0.32983923,0.05342365,0.076899296,0.344552992,0.208317735,0.136235257,0.19610033,0.817772976,0.883885095,,,0.283784911,0.962109089
2019/2/13 12:46,12.6,18,-1.4,33.8,16.3,22.3,5.5,84.6,0.001616613,16.75551512,-9.876404081,0.811637477,0.344068126,0.26104361,0.083024515,0.119507499,0.001131326,1.418187857,-13.83270752,0.771271524,0.0306461,-0.030496369,0.061142469,0.088009952,0.002548187,22.84578743,-4.661866228,0.823375075,0.462441887,0.333440008,0.12900188,0.185688431,0.004727575,17.40359733,3.116109793,0.795419326,0.364662947,0.116918059,0.247744889,0.356609996,0.313422026,0.291539979,0.021882046,0.031497548,0.09777894,0.216521949,-0.118743009,-0.170921564,,,,,,
2019/2/13 12:47,17.9,42.1,1.7,90.5,13.2,56.6,3,47.3,0.005347793,31.55501369,4.854648634,0.831637928,0.632386856,0.364344945,0.268041911,0.385826022,0.003862505,11.38217696,0.31498231,0.783489052,0.242125846,0.036632124,0.205493721,0.295792642,0.005318422,26.70729057,4.77648938,0.818169975,0.544045276,0.273087442,0.270957834,0.390023272,0.002208905,8.55443196,-6.320131105,0.785114875,0.181596185,0.064320974,0.117275211,0.16880878,0.390261011,0.327712821,0.06254819,0.09003338,0.362449091,0.208766468,0.153682623,0.221214492,0.799445149,0.881057409,,,0.234279305,0.990121833
2019/2/13 12:48,12.9,18.5,-1,34.1,15.9,22.7,5.6,84.8,0.001694732,17.25538505,-9.34459966,0.812591373,0.353916815,0.266982508,0.086934307,0.125135348,0.001180028,1.943119964,-13.37157725,0.772467162,0.041924543,-0.021751301,0.063675844,0.091656553,0.002528404,22.39150154,-4.752817164,0.822211181,0.453887883,0.325706345,0.128181538,0.184507611,0.004772114,17.61689356,3.2475543,0.795761331,0.368973562,0.119002108,0.249971454,0.359814968,0.311992272,0.288733809,0.023258463,0.033478795,0.084914321,0.206704238,-0.121789916,-0.175307357,,,,,,
2019/2/13 12:49,18.1,43,1.7,91.4,13.4,56.5,2.8,48.3,0.005532908,32.22716694,5.338626383,0.832454981,0.645223419,0.368175323,0.277048096,0.398789743,0.003901158,11.47896565,0.451582211,0.783537442,0.24416969,0.036632385,0.207537305,0.298734226,0.005379309,27.06416129,4.938093699,0.818820893,0.550876704,0.277034727,0.273841977,0.394174777,0.002223872,8.38994329,-6.242191661,0.784565073,0.178229178,0.060076586,0.118152593,0.170071705,0.401053729,0.331542938,0.069510791,0.100055517,0.372647526,0.216958141,0.155689385,0.224103073,0.959875982,0.931937477,,,0.146661419,0.907311563
2019/2/13 12:50,18.6,23.3,3.2,31.3,15.5,20.5,5.7,86,0.00308152,26.52193796,-2.426393644,0.830626445,0.532167381,0.377527427,0.154639953,0.222592496,0.001480836,6.931323224,-10.85954373,0.784767031,0.147205539,0.068550138,0.078655401,0.11321849,0.002224519,21.21875823,-6.238833886,0.820673828,0.430921468,0.317934603,0.112986864,0.16263603,0.004874137,17.97456347,3.544562864,0.796176389,0.376268453,0.121085973,0.25518248,0.367315844,0.384961842,0.308977289,0.075984553,0.109374006,0.054653015,0.19684863,-0.142195615,-0.204679814,,,,,,
2019/2/13 12:51,20.1,35.4,6.4,64.6,13,58.5,1.2,50.3,0.005157134,33.30569489,4.34027613,0.837669476,0.662665802,0.406041284,0.256624517,0.369391548,0.003836538,16.07789997,0.222524973,0.796853835,0.336278735,0.135589895,0.20068884,0.288876378,0.005426484,26.77697014,5.062185887,0.817739375,0.545751922,0.269143056,0.276608866,0.398157505,0.002065124,6.376548854,-7.094602129,0.779817668,0.136282901,0.025896504,0.110386398,0.158892856,0.326387067,0.270451389,0.055935678,0.08051517,0.409469021,0.243246552,0.166222469,0.239264649,0.545037004,0.511226311,,,0.951870215,0.678538439
2019/2/13 12:52,20.8,32.8,13.6,42.4,15,21.5,-2.3,49.7,0.004988014,33.58709288,3.869594641,0.839442591,0.666853085,0.419168431,0.247684655,0.356523293,0.004081361,23.98927366,1.072897999,0.817697117,0.488960056,0.280906564,0.208053491,0.299477237,0.002259369,20.80185323,-6.059258397,0.819297996,0.423164167,0.308214522,0.114949645,0.165461304,0.00154413,1.541659106,-10.39137276,0.769226451,0.033402801,-0.050271509,0.08367431,0.12044283,0.177893029,0.138261866,0.039631163,0.057046056,0.389761365,0.358486031,0.031275335,0.045018475,,,,,,
2019/2/13 12:53,21,31.4,17.7,35.7,13,59.3,-3.4,52.3,0.004833026,33.39659474,3.425556474,0.83980608,0.662783856,0.422899134,0.239884722,0.345295881,0.004471784,29.13299929,2.339083136,0.82990592,0.585066303,0.360463887,0.224602416,0.32329816,0.005501349,26.96596346,5.257148908,0.817836952,0.549538295,0.269146744,0.280391551,0.403602393,0.001481168,0.274911484,-10.85703697,0.766025039,0.005981342,-0.074616576,0.080597918,0.116014597,0.077717553,0.062435248,0.015282306,0.021997721,0.543556952,0.34376332,0.199793633,0.287587796,0.419218037,0.481932225,,,0.724049384,0.929614975
2019/2/13 12:54,21,31.2,19.4,33.9,14.9,21.2,-2.9,55.4,0.004802005,33.31783467,3.335156033,0.839764517,0.661253522,0.422896728,0.238356794,0.343096545,0.004725395,31.50008228,3.109648965,0.835094615,0.628672922,0.39280717,0.235865751,0.339510878,0.002213372,20.58456987,-6.296820053,0.818953316,0.418920295,0.306263439,0.112656856,0.162161008,0.001636914,1.167953885,-9.735968327,0.767636637,0.025358219,-0.063527635,0.088885855,0.127944453,0.0325806,0.030089558,0.002491043,0.003585667,0.393562076,0.369791074,0.023771001,0.034216555,,,,,,
2019/2/13 12:55,21,31.3,20.3,33.5,13.3,58.5,-3.6,56.6,0.004817515,33.35721373,3.380420122,0.839785298,0.662018689,0.422897931,0.239120758,0.344196213,0.004939365,32.95613772,3.731558901,0.837949698,0.655491568,0.409785651,0.245705918,0.353675051,0.005534877,27.35539974,5.343694185,0.818738119,0.556861002,0.275071127,0.281789875,0.405615174,0.001576319,0.310531574,-10.15999748,0.765573912,0.006760322,-0.079065802,0.085826124,0.123540203,0.006527121,0.013112281,-0.00658516,-0.009478839,0.55010068,0.354136929,0.195963751,0.282074971,-1.008742446,0.141766333,,,0.716067631,0.940092614
2019/2/13 12:56,20.9,31.2,20.8,32.5,14.8,20.2,-3.3,57.6,0.004772342,33.14106145,3.248224322,0.839439299,0.657999959,0.421023776,0.236976183,0.341109259,0.004942029,33.47035901,3.739149991,0.839381021,0.664584143,0.419164897,0.245419246,0.35326241,0.002095015,20.18439867,-6.929605036,0.818513771,0.410996927,0.30430696,0.106689967,0.153572124,0.001645531,0.785871696,-9.676843028,0.766511041,0.017087636,-0.07239734,0.089484975,0.128806842,-0.006584184,0.00185888,-0.008443064,-0.012153151,0.393909291,0.376704299,0.017204992,0.024765282,,,,,,
2019/2/13 12:57,21.1,30.8,21,32.1,13.5,58.4,-3.6,57.8,0.004769409,33.33653811,3.239603714,0.840006318,0.661434273,0.424763578,0.236670695,0.340669534,0.004941625,33.67231637,3.737998045,0.839951584,0.668140026,0.422907556,0.24523247,0.352993559,0.00559853,27.71934638,5.506723447,0.819392874,0.563818799,0.279015977,0.284802823,0.409952084,0.001609826,0.394114094,-9.923713132,0.765615051,0.008579466,-0.079066293,0.087645759,0.126159429,-0.006705752,0.001856022,-0.008561774,-0.012324025,0.555239333,0.35808227,0.197157063,0.283792654,0.279559252,-5.052197657,,,0.72043931,0.9219968
2019/2/13 12:58,20.7,31.1,21.2,32.1,14.6,19,-4,59.6,0.004698279,32.7501408,3.029048895,0.838769219,0.650757882,0.417272986,0.233484896,0.336083817,0.005003193,34.03163835,3.912417913,0.840605235,0.674744754,0.426649976,0.248094778,0.357113635,0.001944811,19.60282512,-7.781712137,0.817748392,0.399528456,0.300394999,0.099133457,0.1426951,0.001604643,-0.022373981,-9.959967485,0.764472558,-0.000487787,-0.087981914,0.087494127,0.125941166,-0.023986872,-0.00937699,-0.014609882,-0.021029818,0.400016242,0.388376912,0.01163933,0.016753934,,,,,,
2019/2/13 12:59,14.1,15.9,0.3,27.3,13.5,58.5,6.4,91.3,0.001574731,18.16308018,-10.17131108,0.815843243,0.371049225,0.290592542,0.080456683,0.1158113,0.001048583,2.92487474,-14.65964016,0.775993346,0.062820013,0.00649421,0.056325804,0.081076727,0.005608203,27.74377417,5.531352737,0.819405504,0.564306969,0.27901647,0.285290499,0.410654056,0.005436086,20.09684882,5.087324109,0.798890584,0.419265776,0.135629705,0.28363607,0.408272632,0.308229212,0.284098332,0.02413088,0.034734573,0.145041193,0.143386765,0.001654428,0.002381424,0.911348858,0.994858568,,,0.46281897,0.43819458
2019/2/13 13:00,19.8,35,5.4,67.6,14.3,19.3,-1.5,62.8,0.005003724,32.61194089,3.913912305,0.836607821,0.649685952,0.400379317,0.249306635,0.358858011,0.003745546,14.83651928,-0.095120009,0.793887901,0.311473851,0.114812764,0.196661087,0.283078734,0.001937531,19.28157516,-7.824534064,0.816886298,0.393395736,0.29452917,0.098866566,0.142310931,0.002087767,3.706851845,-6.969416157,0.772171153,0.080009288,-0.032692507,0.112701794,0.162225694,0.338212101,0.285566553,0.052645548,0.075779277,0.313386448,0.327221676,-0.013835228,-0.019914763,,,,,,
2019/2/13 13:01,10.9,18.8,-2.3,37.6,13.6,58.3,7.6,91.6,0.001508793,14.76857662,-10.65052883,0.806669338,0.30513487,0.22717042,0.07796445,0.112223918,0.001167489,0.601244182,-13.48860415,0.768761789,0.013034904,-0.050267995,0.063302899,0.091119727,0.005625715,27.88961304,5.575844576,0.819714232,0.567059673,0.280986135,0.286073537,0.411781181,0.00592682,22.54988082,6.322125979,0.802947459,0.468064682,0.160386254,0.307678428,0.442879784,0.292099966,0.277438415,0.01466155,0.021104191,0.098994991,0.120599881,-0.02160489,-0.031098603,0.832501618,0.919024639,,,0.306747993,0.375839758
2019/2/13 13:02,19,36.7,3.9,76.1,14.2,19.2,-1.3,52.6,0.004991851,31.76981432,3.880429992,0.834307378,0.634654468,0.385253605,0.249400863,0.358993645,0.003796784,13.44588469,0.07989434,0.78967745,0.28378432,0.083370062,0.200414258,0.28848114,0.001914976,19.12363664,-7.958139416,0.816572592,0.390323261,0.292570084,0.097753177,0.140708291,0.001777129,3.132629863,-8.807521071,0.772355009,0.067599093,-0.028311032,0.095910124,0.138055357,0.350870148,0.301883544,0.048986605,0.070512506,0.322724169,0.320881116,0.001843052,0.002652934,,,,,,
2019/2/13 13:03,9.3,19,-2.6,40.5,13.9,56.9,7.8,92.1,0.001369635,12.80424865,-11.72843649,0.80194649,0.26610771,0.194917232,0.071190479,0.1024733,0.001226409,0.445894064,-12.94837689,0.767982899,0.009676736,-0.056888323,0.066565059,0.095815358,0.005598566,28.1258779,5.506813604,0.820536326,0.571290529,0.286882794,0.284407735,0.409383385,0.006042185,23.04337163,6.599103139,0.803667094,0.477879705,0.164493233,0.313386472,0.451096081,0.256430974,0.251805554,0.00462542,0.006657942,0.093410824,0.122389561,-0.028978737,-0.041712696,0.665462529,0.774177871,,,0.43286269,0.491180476
2019/2/13 13:04,17.1,42.9,1.1,91.9,14.4,18.5,2.2,54.8,0.005179528,30.31646822,4.401564946,0.829129574,0.609403507,0.349009959,0.260393548,0.374816782,0.003756147,10.50818255,-0.061088763,0.781645828,0.224061038,0.023754532,0.200306507,0.288326039,0.001869075,19.20953806,-8.234550938,0.817080821,0.39183268,0.296481911,0.095350769,0.137250207,0.002418394,8.271207345,-5.270820851,0.783103157,0.176034862,0.047307591,0.12872727,0.185293152,0.385342469,0.325255427,0.060087041,0.086490743,0.215797818,0.24917432,-0.033376502,-0.048042945,,,,,,
2019/2/13 13:05,10.1,20.6,-2.3,39.8,14,56.5,5.3,85,0.001567445,14.10935581,-10.22334798,0.804473101,0.292310495,0.211094179,0.081216316,0.116904733,0.001235936,0.7721442,-12.86327599,0.768846231,0.016738158,-0.050268634,0.067006792,0.096451201,0.005595399,28.21948742,5.49874125,0.820818035,0.572995196,0.288845906,0.28414929,0.409011373,0.004684005,17.09130532,2.986451272,0.794793156,0.358401537,0.112746515,0.245655022,0.35360179,0.275572336,0.261362813,0.014209524,0.020453533,0.214593659,0.17609939,0.038494268,0.055409583,0.743137636,0.818926461,,,0.964058751,0.698252569
2019/2/13 13:06,17.9,41.5,2.1,91.1,13.9,17.9,1.6,52.8,0.005270931,31.36029983,4.649288599,0.831536032,0.628561654,0.364339817,0.264221837,0.380327315,0.004001881,12.13647232,0.801943509,0.784804036,0.257738913,0.045186846,0.212552067,0.305952595,0.001750437,18.4051594,-8.978957845,0.815504939,0.376150581,0.286679596,0.089470985,0.128786704,0.002231555,7.197164104,-6.202369974,0.781162917,0.153556617,0.034479464,0.119077153,0.171402539,0.370822742,0.319152971,0.05166977,0.074374719,0.222593964,0.252200132,-0.029606168,-0.042615835,,,,,,
2019/2/13 13:07,10.1,19.1,-1.9,37.6,14,57.2,6.5,87.7,0.001453044,13.82115333,-11.07093705,0.804325503,0.286392206,0.211089699,0.075302507,0.108392253,0.001207287,1.103883763,-13.12104803,0.769946292,0.023895255,-0.041464805,0.06536006,0.094080854,0.005665353,28.39621254,5.676098892,0.820909532,0.576519325,0.288849602,0.287669723,0.41407877,0.005256357,19.74682005,4.610048871,0.798947426,0.411934073,0.137695131,0.274238943,0.394746179,0.262496952,0.252554505,0.009942447,0.014311399,0.164585252,0.151154471,0.01343078,0.019332591,0.685054237,0.761689142,,,0.719543659,0.598486711
2019/2/13 13:08,19,40.4,2.5,93,13.7,18.2,1.4,51.1,0.005499566,33.05702289,5.252533493,0.834983005,0.659834246,0.385289431,0.274544815,0.395186459,0.004204917,13.05047181,1.484891893,0.786199457,0.276657357,0.053717808,0.222939549,0.320904588,0.001756799,18.21939621,-8.937880154,0.814945054,0.37260991,0.282752048,0.089857862,0.129343584,0.002128571,6.737336013,-6.746929417,0.780465495,0.143874309,0.030190933,0.113683375,0.163638605,0.38317689,0.331571623,0.051605266,0.074281871,0.228735602,0.252561115,-0.023825513,-0.034295021,,,,,,
2019/2/13 13:09,10.5,18.4,-2.7,37.4,14.1,56.9,7.3,89.4,0.001437689,14.18590725,-11.18933461,0.805441516,0.293543085,0.219139598,0.074403487,0.107098182,0.001122878,0.086645036,-13.91454909,0.767571501,0.001881367,-0.059097043,0.06097841,0.087773801,0.005672391,28.51561499,5.693832636,0.821204621,0.578735479,0.290811912,0.287923566,0.414444158,0.005664636,21.58569508,5.674290175,0.801754536,0.448717866,0.15421262,0.294505246,0.423917987,0.291661718,0.27823664,0.013425077,0.019324382,0.130017613,0.136599292,-0.006581679,-0.009473829,0.717754692,0.796662323,,,0.652752817,0.637250134
2019/2/13 13:10,20.5,38.1,3,91,12.2,19.9,1.8,45.8,0.005694265,35.0750581,5.748827081,0.839530518,0.696322873,0.413598267,0.282724606,0.406960648,0.004263679,13.70455019,1.677053423,0.787699454,0.289969948,0.06434535,0.225624598,0.324769514,0.001741219,16.66633102,-9.038719551,0.810663282,0.342648039,0.253116669,0.08953137,0.128873623,0.001962803,6.726146582,-7.676523157,0.781394974,0.143464505,0.038759253,0.104705251,0.150715276,0.406352924,0.349252917,0.057100007,0.082191134,0.199183534,0.214357416,-0.015173882,-0.021841653,,,,,,
2019/2/13 13:11,16.7,18.3,0,33.1,4.7,28,8.4,90.7,0.002143649,22.22608248,-6.665710963,0.823978834,0.449568232,0.341125613,0.10844262,0.156094935,0.001244245,3.111857972,-12.78953357,0.775385447,0.06688841,0,0.06688841,0.096280798,0.001472135,8.422497802,-10.9253322,0.789015656,0.177911506,0.100139307,0.077772199,0.111947187,0.006199812,24.05013086,6.970005836,0.805585561,0.497570381,0.176774137,0.320796243,0.461761886,0.382679823,0.341125613,0.04155421,0.059814137,-0.319658875,-0.07663483,-0.243024045,-0.349814698,0.895634983,0.9998952,,,0.052339351,0.028061118
2019/2/13 13:12,23.9,31,6.4,62.3,1.1,35.8,1.2,42.2,0.005699142,38.54281242,5.761063811,0.849257545,0.756402119,0.476676329,0.27972579,0.40264408,0.00369913,15.73265682,-0.245175975,0.796678871,0.329130038,0.135586466,0.193543572,0.278591307,0.001457847,4.75557089,-11.03413832,0.778774824,0.101774624,0.023744445,0.078030179,0.11231853,0.001731644,5.541791397,-9.10110395,0.779400936,0.118505362,0.025894904,0.092610458,0.133305737,0.427272081,0.341089863,0.086182218,0.124052773,-0.016730738,-0.002150459,-0.014580279,-0.020987207,,,,,,
2019/2/13 13:13,12.1,15.8,-2.1,32,-0.4,43,9.1,91.5,0.001372587,15.63541803,-11.70454728,0.809900228,0.321756053,0.251112782,0.07064327,0.101685635,0.001010126,0.409897005,-15.06456466,0.769135173,0.008882206,-0.045861659,0.054743864,0.078799645,0.001564745,3.509897267,-10.24269047,0.774648149,0.075515946,-0.008682001,0.084197947,0.121196565,0.006561715,25.67322877,7.790677721,0.80805371,0.529528101,0.191042983,0.338485118,0.48722368,0.312873847,0.296974441,0.015899406,0.02288599,-0.454012155,-0.199724983,-0.254287171,-0.366027116,0.66857215,0.787114342,,,0.093432091,0.195618217
2019/2/13 13:14,24.4,31,5.1,69.1,-1.1,46.5,0.7,42.2,0.005874345,39.49685547,6.194543314,0.850924487,0.773606747,0.485846439,0.287760308,0.41420916,0.00374955,14.54274024,-0.082258239,0.793037952,0.305633549,0.108551267,0.197082282,0.283685012,0.001596898,2.884070583,-10.01434151,0.772699894,0.062207648,-0.023937078,0.086144726,0.123998806,0.001670161,4.88338223,-9.509400347,0.777903795,0.104626953,0.015132768,0.089494185,0.128820099,0.467973198,0.377295172,0.090678026,0.130524148,-0.042419305,-0.039069845,-0.00334946,-0.004821293,,,,,,
2019/2/13 13:15,12.8,19.1,-2,37.1,-1.4,48.8,9.7,92.4,0.001738394,17.26468654,-9.057091687,0.812364169,0.354206631,0.265007664,0.089198967,0.128395155,0.001181272,0.938097403,-13.36002648,0.769630311,0.020314892,-0.04366305,0.063977942,0.0920914,0.001634714,2.675887625,-9.751113744,0.771894616,0.057777482,-0.030499218,0.0882767,0.12706762,0.006903164,27.14387711,8.528681677,0.810211359,0.558370291,0.203219895,0.355150395,0.511212084,0.333891739,0.308670714,0.025221025,0.036303755,-0.500592809,-0.233719113,-0.266873696,-0.384144464,0.717517863,0.807541308,,,0.153954966,0.305922349
2019/2/13 13:16,24.1,29,4.6,65.8,-1.6,49.8,1.7,41.5,0.005393263,37.96775965,4.974898872,0.849415194,0.744978425,0.480314962,0.264663463,0.380963002,0.003446278,13.27535494,-1.094372758,0.791229229,0.27963567,0.098079762,0.181555909,0.261335974,0.001640676,2.488992287,-9.71012168,0.771333899,0.053781125,-0.03488196,0.088663084,0.127623792,0.001765269,6.130553273,-8.88340358,0.780863482,0.130849874,0.03661794,0.094231934,0.135639728,0.465342755,0.382235201,0.083107555,0.119627028,-0.077068749,-0.0714999,-0.005568849,-0.008015936,,,,,,
2019/2/13 13:17,14.3,27.2,-1.3,46.6,-2.1,50.9,10.8,93.1,0.0027341,21.29435436,-3.837504626,0.817929254,0.433907828,0.294572567,0.139335261,0.20056255,0.001573902,2.624835235,-10.17722296,0.772103362,0.056659841,-0.028309965,0.084969807,0.122307598,0.001608275,1.903599154,-9.934551516,0.769873654,0.041210207,-0.04586675,0.087076957,0.125340682,0.007493418,29.75191385,9.730730033,0.814125676,0.609077008,0.225413123,0.383663885,0.552255092,0.377247987,0.322882533,0.054365454,0.078254952,-0.567866801,-0.271279874,-0.296586927,-0.42691441,0.818183534,0.827734243,,,-0.865772858,-0.759237082
2019/2/13 13:18,23.5,24.4,3.7,55.5,10.8,91.6,0.9,42.7,0.004369763,34.75513284,2.018050444,0.846317678,0.684438277,0.469216132,0.215222146,0.309795971,0.002725597,10.55712177,-3.874064275,0.787756591,0.223358372,0.079136181,0.14422219,0.207596915,0.007371255,29.4440038,9.489073675,0.813967675,0.602890523,0.225408117,0.377482406,0.543357321,0.00171465,5.196524036,-9.212610178,0.778527453,0.111246859,0.019442377,0.091804482,0.132145596,0.461079906,0.390079951,0.070999955,0.102199056,0.491643663,0.20596574,0.285677923,0.411211725,,,,,,
2019/2/13 13:19,16.1,30.7,-1.5,51.9,7.4,29.7,11,93.5,0.003468668,24.97253975,-1.016900581,0.824018894,0.505096423,0.329632434,0.175463989,0.252567117,0.001724395,2.799042842,-9.148542887,0.771721537,0.060450191,-0.032690306,0.093140497,0.134068688,0.001883385,12.17990266,-8.147713987,0.797208424,0.254636518,0.156160676,0.098475843,0.141748514,0.007628044,30.29519221,9.992994102,0.814873349,0.619629874,0.229431458,0.390198416,0.561661055,0.444646232,0.36232274,0.082323492,0.118498429,-0.364993355,-0.073270782,-0.291722573,-0.41991254,0.959748406,0.902588236,,,-1.343356873,-3.738591407
2019/2/13 13:20,23.2,20.2,2.9,46,13.9,61.2,0.6,42.5,0.003548004,32.36133438,-0.746046261,0.844352552,0.638780059,0.463624982,0.175155077,0.252122462,0.002132751,8.26257402,-6.724362252,0.784734813,0.175485482,0.062198589,0.113286893,0.163067899,0.006025755,29.20499581,6.559947027,0.821094871,0.592805956,0.286905198,0.305900759,0.440320964,0.001669919,4.781875413,-9.511034102,0.777619431,0.102489625,0.012975681,0.089513943,0.128848539,0.463294577,0.401426393,0.061868184,0.089054563,0.490316332,0.273929516,0.216386816,0.311472426,,,,,,
2019/2/13 13:21,18,32.8,-1.6,60.9,8.5,23.7,11.6,93.6,0.004184984,28.71061582,1.419164653,0.83038159,0.576253459,0.366176433,0.210077026,0.302389961,0.002007549,3.405482557,-7.418694564,0.77178768,0.073541006,-0.034884331,0.108425337,0.156070057,0.001619151,12.62533944,-9.85875473,0.799995191,0.263029486,0.178664445,0.084365041,0.121437084,0.007950233,31.71959534,10.60421998,0.817011887,0.647065153,0.24145022,0.405614934,0.583851964,0.502712453,0.401060764,0.101651689,0.146319904,-0.384035667,-0.062785774,-0.321249893,-0.46241488,0.90294292,0.992337298,,,-1.366646231,-5.030131905
2019/2/13 13:22,22.9,18.3,2.8,40.9,14.6,56.7,-0.7,45.4,0.003154476,31.05713334,-2.148771033,0.842967134,0.614043974,0.45806034,0.155983635,0.224526623,0.001882124,7.533503183,-8.155345573,0.784135519,0.160123325,0.060072785,0.10005054,0.144015172,0.005839959,29.44723892,6.11038691,0.822853675,0.596445432,0.300610362,0.29583507,0.425832168,0.001611726,3.324689126,-9.910453339,0.773854409,0.071604535,-0.015210364,0.086814899,0.124963469,0.45392065,0.397987555,0.055933095,0.080511452,0.524840897,0.315820725,0.209020171,0.300868699,,,,,,
2019/2/13 13:23,19.3,33.7,-0.2,68.7,13.1,20.4,11.4,93.6,0.004667935,31.25291933,2.938357172,0.834732619,0.624010584,0.390911893,0.23309869,0.335527903,0.002545557,6.164319564,-4.673919369,0.776435586,0.132320905,-0.004338607,0.136659512,0.196711013,0.001894005,17.96029117,-8.083660593,0.813419341,0.367999839,0.270942346,0.097057492,0.139706906,0.007844331,31.24848484,10.40579722,0.816300782,0.638010023,0.237449501,0.400560522,0.576576521,0.491689679,0.395250501,0.096439178,0.13881689,-0.270010184,0.033492845,-0.30350303,-0.436869615,0.858873977,0.948508298,,,-1.721224482,0.120980306
2019/2/13 13:24,21.2,16.7,2.4,34.3,13.5,57.6,0.1,45.7,0.002592901,27.91126556,-4.458668729,0.83737366,0.555531875,0.42646075,0.129071125,0.185788104,0.00153327,6.255749327,-10.47043837,0.782561036,0.133232405,0.051562371,0.081670034,0.117557826,0.005521157,27.52395119,5.308336703,0.819291851,0.559913442,0.279012027,0.280901415,0.404336303,0.001731932,4.432474177,-9.099221298,0.776276305,0.095165303,0.002166596,0.092998707,0.133864592,0.42229947,0.37489838,0.04740109,0.068230278,0.464748139,0.276845431,0.187902708,0.27047171,,,,,,
2019/2/13 13:25,20,34.2,-0.3,73.9,12,21.1,10.8,92.6,0.004949925,32.67845414,3.761623786,0.837107145,0.65062269,0.404143651,0.246479039,0.3547879,0.00271648,6.490645472,-3.913385107,0.77636355,0.139338619,-0.006510502,0.14584912,0.209938758,0.001822282,16.66899695,-8.522832665,0.810200381,0.342898649,0.24914558,0.093753069,0.134950439,0.007452691,29.64926389,9.650561521,0.814073002,0.607014846,0.225411454,0.381603392,0.549289168,0.511284071,0.410654153,0.100629918,0.144849143,-0.264116198,0.023734125,-0.287850323,-0.414338729,0.830042309,0.92522099,,,-1.847538912,0.081495808
2019/2/13 13:26,20.9,15.7,1.9,32.5,13.9,58.9,-0.2,49.1,0.002392348,27.09891184,-5.396632483,0.836251597,0.540086897,0.420839258,0.119247639,0.171647941,0.001401561,5.421511541,-11.47253534,0.780976029,0.115699487,0.040893416,0.074806071,0.107677671,0.005797186,28.62761053,6.005082571,0.820796019,0.581297705,0.286893214,0.29440449,0.423772957,0.001817192,4.342941142,-8.554597116,0.775530035,0.093332752,-0.004338023,0.097670774,0.140589679,0.424387411,0.379945842,0.044441568,0.06397027,0.487964953,0.291231237,0.196733716,0.283183278,,,,,,
2019/2/13 13:27,21,34.1,0.2,78.9,11.7,21.8,8.8,91.2,0.005252114,34.46061916,4.598605968,0.840367586,0.683443367,0.422931618,0.260511749,0.374986923,0.003018134,7.750641746,-2.672554071,0.778161828,0.166003211,0.004332637,0.161670575,0.232712543,0.00184588,16.42572842,-8.376610337,0.809378605,0.338237431,0.24317384,0.095063591,0.136836836,0.006407384,24.97944302,7.44578326,0.806996639,0.515893165,0.184936229,0.330956937,0.476387434,0.517440155,0.418598982,0.098841174,0.142274381,-0.177655734,0.058237612,-0.235893345,-0.339550597,0.839582231,0.925521228,,,-2.673628012,0.195555149
2019/2/13 13:28,21.3,15.7,1.9,32.6,14.9,55,0.4,55.4,0.002452085,27.65473899,-5.109918246,0.837469281,0.550363252,0.428315692,0.122047559,0.175678214,0.001405884,5.432336297,-11.43830298,0.780981444,0.115929692,0.040893449,0.075036243,0.108008987,0.005775003,29.5879975,5.950195773,0.823626332,0.598734247,0.306464133,0.292270113,0.420700683,0.002147149,5.773969744,-6.646930906,0.777645935,0.1237489,0.008657544,0.115091356,0.165665286,0.43443356,0.387422244,0.047011316,0.067669227,0.474985347,0.297806589,0.177178757,0.255035397,,,,,,
2019/2/13 13:29,22.3,33.5,1.3,83.2,12.1,20.1,7,83.3,0.005589699,36.63863076,5.484203854,0.844535907,0.723052555,0.447164602,0.275887954,0.397119805,0.003448155,9.9397258,-1.087860647,0.781830832,0.211889951,0.028051488,0.183838463,0.264621538,0.001747188,16.58047784,-8.999982678,0.810386944,0.340999197,0.251130228,0.089868969,0.129359572,0.005166576,20.02888549,4.366145882,0.800261337,0.417132183,0.148019973,0.26911221,0.387366635,0.511162604,0.419113114,0.092049491,0.132498267,-0.076132986,0.103110255,-0.179243241,-0.258007064,0.832508817,0.913537969,,,-6.514930059,0.320065833
2019/2/13 13:30,20.6,14.6,1.5,29.6,16.6,51.7,0.8,61.2,0.002183274,26.26514814,-6.454734145,0.835118682,0.52417995,0.415206068,0.108973882,0.156859646,0.001240106,4.613863942,-12.82620697,0.779638289,0.098632575,0.032330326,0.06630225,0.095437065,0.006055436,32.02568556,6.630616007,0.828857285,0.643972655,0.339444022,0.304528632,0.438345892,0.002442708,6.91753965,-5.154497547,0.779151856,0.147971575,0.017290752,0.130680824,0.188105144,0.425547375,0.382875743,0.042671632,0.061422581,0.496001079,0.322153271,0.173847809,0.250240748,,,,,,
2019/2/13 13:31,22.5,33.2,0.6,85.1,12.6,18.1,5.8,81.2,0.005607585,36.88730751,5.529779111,0.845131688,0.727446938,0.450871313,0.276575625,0.398109656,0.00335279,8.992558094,-1.422936068,0.779717817,0.192218217,0.012979719,0.179238498,0.258000237,0.001625617,16.77824055,-9.813915416,0.811649197,0.344529809,0.261044046,0.083485763,0.12017143,0.004632324,17.46873717,2.831251206,0.796154664,0.365689774,0.123160655,0.242529119,0.349102291,0.535228721,0.437891594,0.097337127,0.140109419,-0.021159966,0.137883391,-0.159043357,-0.228930861,0.773467958,0.861966336,,,-22.50870129,0.423437641
2019/2/13 13:32,18.6,14.7,0,30.2,17.9,47.9,1.8,67.5,0.001940586,23.63015795,-7.806544274,0.829110261,0.475010363,0.377447813,0.097562549,0.140433897,0.001135034,2.838720314,-13.79696448,0.775249569,0.061028096,0,0.061028096,0.08784532,0.006091759,33.43971072,6.716676127,0.832624211,0.669363808,0.364394514,0.304969294,0.438980191,0.002897109,9.065881176,-3.156053815,0.782565075,0.193080454,0.03876595,0.154314504,0.222124036,0.413982266,0.377447813,0.036534453,0.052588577,0.476283354,0.325628564,0.15065479,0.216856155,,,,,,
2019/2/13 13:33,22.8,33.4,1.2,87.8,12.7,18.1,4.7,77.1,0.005746292,37.54475923,5.878878285,0.846176236,0.739498417,0.456431374,0.283067044,0.407453562,0.003613675,10.25282808,-0.526029769,0.781752801,0.21858632,0.025903909,0.192682411,0.277351731,0.001636346,16.9062125,-9.739875772,0.811947208,0.347030208,0.263024301,0.084005907,0.120920139,0.004070523,14.94310929,1.036227452,0.792304134,0.314338662,0.100187375,0.214151287,0.308254552,0.520912097,0.430527464,0.090384633,0.130101831,0.032691546,0.162836926,-0.13014538,-0.187334413,0.779809921,0.864820877,,,0.074669011,0.519942569
2019/2/13 13:34,18.9,14.8,0.5,31.6,18.7,45.7,3.1,72.3,0.001990955,24.06069895,-7.513688127,0.83002982,0.483129208,0.383145279,0.099983928,0.143919289,0.001231818,3.584888204,-12.89998705,0.776789297,0.076916787,0.01081614,0.066100647,0.095146872,0.006111444,34.30320508,6.763126239,0.834938988,0.684744746,0.379638172,0.305106574,0.439177796,0.003406944,11.65842932,-1.231600769,0.78690667,0.246925287,0.066455648,0.180469639,0.259772372,0.406212421,0.372329139,0.033883282,0.048772417,0.437819459,0.313182524,0.124636935,0.179405424,,,,,,
2019/2/13 13:35,23.5,32.9,2.5,89.1,12.5,18.4,4.5,71.2,0.005906473,38.66362629,6.272775819,0.848394105,0.759545319,0.46934826,0.29019706,0.417716679,0.00402744,12.6058009,0.889597075,0.785976623,0.267306527,0.053716055,0.213590472,0.307447301,0.001641789,16.71815608,-9.702487467,0.811386196,0.34340729,0.259063705,0.084343585,0.1214062,0.003704615,13.82233305,-0.227354028,0.79127107,0.291141969,0.095986717,0.195155252,0.280911199,0.492238792,0.415632204,0.076606588,0.110269378,0.052265321,0.163076988,-0.110811667,-0.159504999,0.792155489,0.862857715,,,0.128118119,0.524385451
2019/2/13 13:36,17.5,15,-0.1,30.9,19.7,42.6,4.1,76.7,0.001847563,22.28411561,-8.366246952,0.825861072,0.449714776,0.356463504,0.093251271,0.13422814,0.001151846,2.779959964,-13.63623395,0.774986661,0.059785114,-0.002167949,0.061953064,0.089176741,0.006062789,35.19681941,6.648074282,0.837734936,0.700237786,0.398570455,0.301667331,0.434227266,0.003881449,13.86082913,0.38208397,0.79035443,0.29229142,0.087583589,0.204707831,0.294661412,0.389929661,0.358631454,0.031298208,0.045051399,0.407946366,0.310986866,0.0969595,0.139565854,,,,,,
2019/2/13 13:37,21.3,34.5,2.9,88.3,12.2,19.2,3.4,59.3,0.005413898,35.17610421,5.029172312,0.841441651,0.69674279,0.428549134,0.268193656,0.386044448,0.004106904,13.2102652,1.1589756,0.787217084,0.279682811,0.062221244,0.217461566,0.313019448,0.001679804,16.51138142,-9.444456362,0.810583459,0.339495813,0.253113788,0.086382025,0.12434038,0.002851771,10.57018041,-3.341973582,0.787061899,0.223832044,0.072800316,0.151031728,0.217398728,0.417059979,0.366327889,0.05073209,0.073025,0.115663769,0.180313471,-0.064649702,-0.093058348,0.813436621,0.864973862,,,0.287050847,0.581823064
2019/2/13 13:38,15,16.2,-0.4,32.8,20.2,42.5,4.6,78.6,0.001700885,19.38996453,-9.303673338,0.818564986,0.394795869,0.308182647,0.086613222,0.124673171,0.001192861,2.580084138,-13.25297731,0.774186137,0.05554401,-0.008681402,0.064225411,0.092447613,0.006240664,36.15664183,7.064757179,0.839402924,0.717903977,0.408003123,0.309900854,0.446078798,0.00412112,14.96873916,1.206674798,0.792082991,0.314965716,0.098091945,0.216873771,0.312173361,0.33925186,0.316864049,0.022387811,0.032225558,0.402938261,0.309911178,0.093027083,0.133905438,,,,,,
2019/2/13 13:39,20,36.3,2.3,89.6,11.8,18.5,2,63.6,0.005256436,33.45610424,4.610261276,0.837516422,0.665780064,0.404166351,0.261613714,0.376573119,0.003992512,12.3156483,0.769690886,0.78536253,0.261358032,0.049454335,0.211903696,0.305019315,0.001576161,15.84635027,-10.1611218,0.809312673,0.326333501,0.245153924,0.081179577,0.116851849,0.00276849,8.94598823,-3.690684647,0.782973121,0.190427742,0.043040946,0.147386796,0.212152125,0.404422033,0.354712015,0.049710018,0.071553804,0.135905758,0.202112978,-0.066207219,-0.095300276,0.770787281,0.831269279,,,0.396357505,0.690407159
2019/2/13 13:40,13.1,16.9,-1.1,34.3,20.4,40.6,5.6,84.6,0.001568234,17.13783449,-10.2177049,0.812994586,0.35133146,0.270925988,0.080405472,0.115737585,0.001177134,1.835074399,-13.39848796,0.772179737,0.039608101,-0.023935213,0.063543315,0.091465787,0.006033826,35.83517585,6.579194075,0.839698649,0.711270563,0.411746475,0.299524088,0.43114223,0.004760773,17.58841474,3.214188598,0.795746931,0.368383759,0.11900186,0.249381899,0.358966348,0.311723359,0.294861201,0.016862158,0.024271798,0.342886804,0.292744615,0.050142189,0.072175882,,,,,,
2019/2/13 13:41,19.5,37.6,2.7,91,11,19.8,1.6,58.5,0.005278506,33.00433422,4.669646288,0.836117364,0.657888786,0.394737053,0.263151733,0.378786981,0.004173233,13.17379393,1.380283928,0.78673008,0.279083307,0.057972832,0.221110475,0.318271775,0.001599884,15.0990764,-9.993345488,0.807071224,0.311808011,0.229177743,0.082630268,0.11894001,0.00247342,7.802765796,-5.009075046,0.781465602,0.166413079,0.034481007,0.131932072,0.189906221,0.378805479,0.33676422,0.042041258,0.060515206,0.145394933,0.194696737,-0.049301804,-0.070966211,0.832189687,0.883962789,,,0.450478323,0.685480458
2019/2/13 13:42,12.8,17.4,-1.5,35.5,20.6,40.6,6.2,86.2,0.001583274,16.87314752,-10.11057913,0.812162128,0.346259836,0.265000043,0.081259792,0.116967314,0.001178467,1.435155232,-13.38608399,0.771046037,0.031021823,-0.032686995,0.063708819,0.091704017,0.006109486,36.23059335,6.758511027,0.840371982,0.718542783,0.415505861,0.303036922,0.436198689,0.005059017,18.94641623,4.068914101,0.79783924,0.395786003,0.131476266,0.264309737,0.380453839,0.315238013,0.297687039,0.017550974,0.025263297,0.32275678,0.284029595,0.038727186,0.055744849,,,,,,
2019/2/13 13:43,19.3,37.8,2.9,89.1,10.8,24.8,1,54.7,0.005240629,32.70517773,4.567590357,0.835495496,0.652410812,0.390952938,0.261457874,0.376348799,0.004144361,13.30414016,1.284339876,0.787264181,0.281653446,0.062221673,0.219431773,0.315855411,0.001978611,15.85187599,-7.584827398,0.806992996,0.327385658,0.225185164,0.102200494,0.147109867,0.002214186,6.547674656,-6.292576939,0.779435321,0.140008937,0.021596759,0.118412178,0.170445359,0.370757366,0.328731266,0.042026101,0.060493388,0.187376721,0.203588405,-0.016211685,-0.023335492,0.7917175,0.851284706,,,0.734402495,0.765066293
2019/2/13 13:44,10.8,18.6,-2.5,38,20.2,36.6,6.7,87.7,0.001482779,14.60213474,-10.84490071,0.806351703,0.301814843,0.225164471,0.076650371,0.110332402,0.001160279,0.38162281,-13.55642198,0.768185235,0.008279748,-0.054679428,0.062959176,0.090624964,0.005366838,33.9393413,4.905126051,0.83823533,0.674817284,0.407937953,0.266879331,0.384152575,0.005329873,20.13466996,4.807008418,0.799612527,0.419675557,0.141832379,0.277843178,0.399934202,0.293535095,0.279843899,0.013691195,0.019707438,0.255141727,0.266105574,-0.010963847,-0.015781627,,,,,,
2019/2/13 13:45,19.2,38,2.9,87.3,11.4,37,0.6,55.3,0.005235593,32.59086287,4.553972588,0.835203102,0.650358034,0.389059952,0.261298083,0.376118792,0.00406009,13.0929373,1.000847714,0.78715822,0.277219517,0.062220709,0.214998808,0.309474494,0.003077388,19.22827069,-2.442298683,0.810122339,0.395583683,0.237242427,0.158341255,0.227920239,0.002174617,6.04467337,-6.500520831,0.778248744,0.129450329,0.012976894,0.116473435,0.167654684,0.373138517,0.326839243,0.046299274,0.066644297,0.266133353,0.224265533,0.04186782,0.060265555,0.750677159,0.823109916,,,0.632084059,0.933914153
2019/2/13 13:46,10.7,19.5,-2.1,40.2,19.7,32.4,7.5,90.3,0.001544359,14.65646843,-10.38971357,0.806147344,0.303014673,0.223160755,0.079853918,0.114943665,0.001269499,1.057606184,-12.56816719,0.769455398,0.022908111,-0.045863868,0.068771979,0.098992053,0.004600398,31.48737979,2.734604379,0.835784242,0.627900883,0.398463748,0.229437135,0.330257372,0.00580176,22.13374336,6.016376841,0.80250159,0.459682233,0.158328686,0.301353547,0.433775597,0.280106562,0.269024622,0.011081939,0.015951612,0.16821865,0.240135062,-0.071916412,-0.103518226,,,,,,
2019/2/13 13:47,19,37.3,3.7,84.5,12.1,45.1,0.1,53.9,0.005074127,31.97840932,4.111009724,0.834416865,0.638737676,0.385259415,0.253478261,0.36486275,0.004159307,14.15240501,1.334081564,0.78956454,0.298738615,0.079157091,0.219581523,0.316070965,0.003934054,22.09758962,0.566889407,0.813228317,0.452877934,0.251231654,0.201646281,0.290254542,0.002043715,5.212300985,-7.214133118,0.77666436,0.111852285,0.002166721,0.109685564,0.157884058,0.339999061,0.306102324,0.033896737,0.048791785,0.34102565,0.249064933,0.091960717,0.132370484,0.806315118,0.871697394,,,0.264224723,0.877753433
2019/2/13 13:48,10.7,20.4,-2,44.2,19,27,7.9,91.1,0.001615822,14.83657827,-9.881906082,0.80623974,0.306703196,0.223163712,0.083539484,0.120248757,0.001407849,1.50394921,-11.42276487,0.769910149,0.032556812,-0.043664886,0.076221698,0.109715359,0.003664705,28.40510836,-0.357590348,0.83254132,0.568642615,0.385159683,0.183482931,0.264109777,0.006017222,23.08227562,6.539574651,0.803921191,0.478535207,0.166542083,0.311993124,0.449090462,0.274146383,0.266828598,0.007317785,0.010533397,0.090107408,0.2186176,-0.128510193,-0.184980685,,,,,,
2019/2/13 13:49,19.5,39.1,4.1,85.6,12.7,50.7,-0.4,52.6,0.005490944,33.54311825,5.230193824,0.836400542,0.66840221,0.394752404,0.273649806,0.393898161,0.004334978,14.99846115,1.907058572,0.79092717,0.316052302,0.087590893,0.228461409,0.328852888,0.0046054,24.39987694,2.749784611,0.815812984,0.498477744,0.2631684,0.235309343,0.33870997,0.001915159,4.386029825,-7.957047262,0.775083487,0.094313062,-0.008682565,0.102995627,0.148254401,0.352349908,0.307161512,0.045188397,0.065045273,0.404164682,0.271850965,0.132313717,0.19045557,0.74839375,0.832394171,,,0.118821159,0.746563464
2019/2/13 13:50,9.6,21.1,-2.5,43.8,18.5,25.1,8.2,91.8,0.001552493,13.56728635,-10.33083882,0.803033768,0.281583973,0.200998222,0.080585751,0.115997082,0.001337755,0.824689827,-11.98948518,0.768404025,0.017887504,-0.05468123,0.072568734,0.104457194,0.003300001,26.9744971,-1.612205796,0.830631979,0.541244454,0.375641595,0.165602859,0.238372768,0.00619024,23.82261187,6.947724604,0.805001044,0.493221138,0.172687597,0.320533541,0.461383746,0.263696469,0.255679452,0.008017017,0.011539888,0.048023316,0.202953998,-0.154930682,-0.223010978,,,,,,
,,,,,,,,,,,,,,,,,,,,,,,,,,,,,,,,,,,,,,,,,,,,,,,,,0.770362304,0.776983659,,,-2.155369639,0.296876426
