Date/Time,CompOutput(0-5V),SAFanOutput(4-20mA),EAFanOutput(4-20mA),PumpOutput(1-5V),PDVOutput(4-20mA),WatCoilValveOutput(4-20mA),MixingValveOutput(4-20mA),NaN
 2019/04/17 13:03:48,0,0,0,0,0,0,0,0
 2019/04/17 13:06:19,0,750,750,100,0,30,76,0
 2019/04/17 13:06:30,0,0,0,100,0,30,76,0
 2019/04/17 13:06:40,0,0,0,100,0,30,76,0
 2019/04/17 13:06:50,0,0,0,100,0,30,76,0
 2019/04/17 13:07:00,0,0,0,100,0,30,76,0
 2019/04/17 13:07:10,0,0,0,100,0,30,76,0
 2019/04/17 13:07:21,0,0,0,100,0,30,76,0
 2019/04/17 13:07:31,0,0,0,100,0,30,76,0
 2019/04/17 13:07:41,0,0,0,100,0,30,76,0
 2019/04/17 13:07:52,0,0,0,100,0,30,76,0
 2019/04/17 13:08:02,0,0,0,100,0,30,76,0
 2019/04/17 13:08:12,0,0,0,100,0,30,76,0
 2019/04/17 13:08:22,0,0,0,100,0,30,76,0
 2019/04/17 13:08:33,0,0,0,100,0,30,76,0
 2019/04/17 13:08:43,0,0,0,100,0,30,76,0
 2019/04/17 13:08:53,0,0,0,100,0,30,76,0
 2019/04/17 13:09:03,0,0,0,100,0,30,76,0
 2019/04/17 13:09:14,0,0,0,100,0,30,76,0
 2019/04/17 13:09:24,0,0,0,100,0,30,76,0
 2019/04/17 13:09:34,0,0,0,100,0,30,76,0
 2019/04/17 13:09:44,0,750,750,500,0,0,0,0
 2019/04/17 13:09:55,0,750,750,500,0,15,8,0
 2019/04/17 13:10:05,0,750,750,500,0,15,8,0
 2019/04/17 13:10:15,0,750,750,500,0,30,17,0
 2019/04/17 13:10:26,0,750,750,500,0,45,32,0
 2019/04/17 13:10:36,0,750,750,500,0,45,32,0
 2019/04/17 13:10:46,0,750,750,500,0,60,47,0
 2019/04/17 13:10:56,0,750,750,500,0,75,37,0
 2019/04/17 13:11:07,0,750,750,500,0,90,41,0
 2019/04/17 13:11:17,0,750,750,100,0,90,41,0
 2019/04/17 13:11:27,0,750,750,100,0,100,56,0
 2019/04/17 13:11:37,0,750,750,100,0,100,71,0
 2019/04/17 13:11:48,0,750,750,100,0,100,71,0
 2019/04/17 13:11:58,0,750,750,100,0,100,86,0
 2019/04/17 13:12:08,0,750,750,100,0,100,100,0
 2019/04/17 13:12:18,0,750,750,100,0,100,100,0
 2019/04/17 13:12:28,0,750,750,100,0,100,100,0
 2019/04/17 13:12:39,0,750,750,100,0,100,100,0
 2019/04/17 13:12:49,0,750,750,400,0,100,100,0
 2019/04/17 13:12:59,0,750,750,400,0,100,100,0
 2019/04/17 13:13:09,0,750,750,400,0,100,100,0
 2019/04/17 13:13:20,0,750,750,400,0,100,100,0
 2019/04/17 13:13:30,0,750,750,500,0,100,100,0
 2019/04/17 13:13:40,0,750,750,500,0,100,100,0
 2019/04/17 13:13:50,0,750,750,400,0,100,100,0
 2019/04/17 13:14:01,0,750,750,400,0,100,100,0
 2019/04/17 13:14:11,0,750,750,100,0,100,100,0
 2019/04/17 13:14:22,0,750,750,100,0,100,100,0
 2019/04/17 13:14:32,0,750,750,400,0,100,100,0
 2019/04/17 13:14:42,0,750,750,500,0,100,100,0
 2019/04/17 13:14:52,0,750,750,500,0,100,100,0
 2019/04/17 13:15:03,0,750,750,500,0,100,100,0
 2019/04/17 13:15:13,0,750,750,500,0,100,100,0
 2019/04/17 13:15:23,0,750,750,500,0,100,92,0
 2019/04/17 13:15:33,0,750,750,500,0,100,92,0
 2019/04/17 13:15:43,0,750,750,500,0,100,82,0
 2019/04/17 13:15:54,0,750,750,500,0,100,72,0
 2019/04/17 13:16:04,0,750,750,500,0,100,72,0
 2019/04/17 13:16:14,0,750,750,500,0,100,66,0
 2019/04/17 13:16:24,0,750,750,500,0,100,69,0
 2019/04/17 13:16:34,0,750,750,500,0,100,69,0
 2019/04/17 13:16:45,0,750,750,500,0,100,68,0
 2019/04/17 13:16:55,0,750,750,500,0,100,65,0
 2019/04/17 13:17:05,0,750,750,500,0,100,65,0
 2019/04/17 13:17:15,0,750,750,500,0,100,64,0
 2019/04/17 13:17:25,0,750,750,500,0,100,63,0
 2019/04/17 13:17:36,0,750,750,500,0,100,63,0
 2019/04/17 13:17:46,0,750,750,500,0,100,61,0
 2019/04/17 13:17:56,0,750,750,500,0,100,62,0
 2019/04/17 13:18:07,0,750,750,500,0,100,60,0
 2019/04/17 13:18:17,0,750,750,500,0,100,60,0
 2019/04/17 13:18:27,0,750,750,500,0,100,59,0
 2019/04/17 13:18:37,0,750,750,500,0,100,59,0
 2019/04/17 13:18:48,0,750,750,500,0,100,58,0
 2019/04/17 13:18:58,0,750,750,500,0,100,57,0
 2019/04/17 13:19:08,0,750,750,500,0,100,55,0
 2019/04/17 13:19:18,0,750,750,500,0,100,55,0
 2019/04/17 13:19:29,0,750,750,500,0,100,54,0
 2019/04/17 13:19:39,0,750,750,500,0,100,53,0
 2019/04/17 13:19:49,0,750,750,500,0,100,53,0
 2019/04/17 13:19:59,0,750,750,500,0,100,52,0
 2019/04/17 13:20:09,0,750,750,500,0,100,50,0
 2019/04/17 13:20:20,0,750,750,500,0,100,50,0
 2019/04/17 13:20:30,0,750,750,500,0,100,48,0
 2019/04/17 13:20:40,0,750,750,500,0,100,47,0
 2019/04/17 13:20:50,0,750,750,500,0,100,47,0
 2019/04/17 13:21:01,0,750,750,500,0,100,44,0
 2019/04/17 13:21:11,0,750,750,500,0,100,43,0
 2019/04/17 13:21:21,0,750,750,500,0,100,41,0
 2019/04/17 13:21:32,0,750,750,500,0,100,41,0
 2019/04/17 13:21:42,0,750,750,500,0,100,38,0
 2019/04/17 13:21:52,0,750,750,500,0,100,37,0
 2019/04/17 13:22:02,0,750,750,500,0,100,37,0
 2019/04/17 13:22:13,0,750,750,500,0,100,34,0
 2019/04/17 13:22:23,0,750,750,500,0,100,31,0
 2019/04/17 13:22:33,0,750,750,500,0,100,31,0
 2019/04/17 13:22:44,0,750,750,500,0,100,29,0
 2019/04/17 13:22:54,0,750,750,500,0,100,26,0
 2019/04/17 13:23:04,0,750,750,500,0,100,26,0
 2019/04/17 13:23:14,0,750,750,500,0,100,23,0
 2019/04/17 13:23:25,0,750,750,500,0,100,19,0
 2019/04/17 13:23:35,0,750,750,500,0,100,19,0
 2019/04/17 13:23:45,0,750,750,500,0,100,17,0
 2019/04/17 13:23:55,0,750,750,500,0,100,13,0
 2019/04/17 13:24:06,0,750,750,500,0,100,13,0
 2019/04/17 13:24:16,0,750,750,500,0,100,9,0
 2019/04/17 13:24:26,0,750,750,500,0,100,7,0
 2019/04/17 13:24:36,0,750,750,500,0,100,2,0
 2019/04/17 13:24:47,0,750,750,500,0,100,2,0
 2019/04/17 13:24:57,0,750,750,500,0,100,0,0
 2019/04/17 13:25:07,0,750,750,500,0,100,0,0
 2019/04/17 13:25:17,0,750,750,500,0,100,0,0
 2019/04/17 13:25:28,0,750,750,500,0,100,0,0
 2019/04/17 13:25:38,0,750,750,500,0,100,0,0
 2019/04/17 13:25:48,0,750,750,500,0,100,0,0
 2019/04/17 13:25:59,0,750,750,500,0,100,0,0
 2019/04/17 13:26:09,0,750,750,500,0,100,0,0
 2019/04/17 13:26:19,0,750,750,500,0,100,0,0
 2019/04/17 13:26:29,0,750,750,500,0,100,0,0
 2019/04/17 13:26:40,0,750,750,500,0,100,0,0
 2019/04/17 13:26:50,0,750,750,500,0,100,0,0
 2019/04/17 13:27:00,0,750,750,500,0,100,0,0
 2019/04/17 13:27:11,0,750,750,500,0,100,0,0
 2019/04/17 13:27:21,0,750,750,500,0,100,0,0
 2019/04/17 13:27:31,0,750,750,500,0,100,0,0
 2019/04/17 13:27:41,0,750,750,500,0,100,0,0
 2019/04/17 13:27:52,0,750,750,500,0,100,0,0
 2019/04/17 13:28:02,0,750,750,500,0,100,0,0
 2019/04/17 13:28:12,0,750,750,500,0,100,0,0
 2019/04/17 13:28:22,0,750,750,500,0,100,0,0
 2019/04/17 13:28:33,0,750,750,500,0,100,0,0
 2019/04/17 13:28:43,0,750,750,500,0,100,0,0
 2019/04/17 13:28:53,0,750,750,500,0,100,0,0
 2019/04/17 13:29:03,0,750,750,500,0,100,0,0
 2019/04/17 13:29:14,0,750,750,500,0,100,0,0
 2019/04/17 13:29:24,0,750,750,500,0,100,3,0
 2019/04/17 13:29:34,0,750,750,500,0,100,3,0
 2019/04/17 13:29:44,0,750,750,500,0,100,6,0
 2019/04/17 13:29:55,0,750,750,500,0,100,9,0
 2019/04/17 13:30:05,0,750,750,500,0,100,9,0
 2019/04/17 13:30:15,0,750,750,500,0,100,12,0
 2019/04/17 13:30:25,0,750,750,500,0,100,15,0
 2019/04/17 13:30:35,0,750,750,500,0,100,15,0
 2019/04/17 13:30:46,0,750,750,500,0,100,30,0
 2019/04/17 13:30:56,0,750,750,500,0,100,45,0
 2019/04/17 13:31:06,0,750,750,500,0,100,45,0
 2019/04/17 13:31:16,0,750,750,500,0,100,60,0
 2019/04/17 13:31:27,0,750,750,500,0,100,75,0
 2019/04/17 13:31:37,0,750,750,500,0,100,90,0
 2019/04/17 13:31:47,0,750,750,500,0,100,90,0
 2019/04/17 13:31:57,0,750,750,500,0,100,100,0
 2019/04/17 13:32:08,0,750,750,500,0,100,100,0
 2019/04/17 13:32:18,0,750,750,500,0,100,100,0
 2019/04/17 13:32:29,0,750,750,500,0,100,100,0
 2019/04/17 13:32:39,0,750,750,500,0,100,100,0
 2019/04/17 13:32:49,0,750,750,500,0,100,100,0
 2019/04/17 13:33:00,0,750,750,500,0,100,100,0
 2019/04/17 13:33:10,0,750,750,500,0,100,100,0
 2019/04/17 13:33:20,0,750,750,500,0,100,100,0
 2019/04/17 13:33:30,0,750,750,500,0,100,100,0
 2019/04/17 13:33:41,0,750,750,500,0,100,100,0
 2019/04/17 13:33:51,0,750,750,500,0,100,100,0
 2019/04/17 13:34:01,0,750,750,500,0,100,100,0
 2019/04/17 13:34:11,0,750,750,500,0,100,100,0
 2019/04/17 13:34:21,0,750,750,500,0,100,100,0
 2019/04/17 13:34:32,0,750,750,500,0,100,100,0
 2019/04/17 13:34:42,0,750,750,500,0,100,100,0
 2019/04/17 13:34:52,0,750,750,500,0,100,100,0
 2019/04/17 13:35:02,0,750,750,500,0,100,100,0
 2019/04/17 13:35:13,0,750,750,500,0,100,100,0
 2019/04/17 13:35:23,0,750,750,500,0,100,100,0
 2019/04/17 13:35:33,0,750,750,500,0,100,100,0
 2019/04/17 13:35:43,0,750,750,500,0,100,100,0
 2019/04/17 13:35:54,0,750,750,500,0,100,100,0
 2019/04/17 13:36:04,0,750,750,500,0,100,100,0
 2019/04/17 13:36:14,0,750,750,500,0,100,100,0
 2019/04/17 13:36:24,0,750,750,500,0,100,100,0
 2019/04/17 13:36:35,0,750,750,500,0,100,100,0
 2019/04/17 13:36:45,0,750,750,500,0,100,90,0
 2019/04/17 13:36:55,0,750,750,500,0,100,80,0
 2019/04/17 13:37:05,0,750,750,500,0,100,80,0
 2019/04/17 13:37:15,0,750,750,500,0,100,72,0
 2019/04/17 13:37:26,0,750,750,500,0,100,79,0
 2019/04/17 13:37:36,0,750,750,500,0,100,83,0
 2019/04/17 13:37:46,0,750,750,500,0,100,83,0
 2019/04/17 13:37:56,0,750,750,500,0,100,74,0
 2019/04/17 13:38:07,0,750,750,500,0,100,74,0
 2019/04/17 13:38:17,0,750,750,500,0,100,74,0
 2019/04/17 13:38:27,0,750,750,500,0,100,74,0
 2019/04/17 13:38:37,0,750,750,500,0,100,75,0
 2019/04/17 13:38:48,0,750,750,500,0,100,75,0
 2019/04/17 13:38:58,0,750,750,500,0,100,74,0
 2019/04/17 13:39:08,0,750,750,500,0,100,76,0
 2019/04/17 13:39:19,0,750,750,500,0,100,76,0
 2019/04/17 13:39:29,0,750,750,500,0,100,76,0
 2019/04/17 13:39:39,0,750,750,500,0,100,77,0
 2019/04/17 13:39:49,0,750,750,500,0,100,77,0
 2019/04/17 13:39:59,0,750,750,500,0,100,78,0
 2019/04/17 13:40:10,0,750,750,500,0,100,80,0
 2019/04/17 13:40:20,0,750,750,500,0,100,80,0
 2019/04/17 13:40:30,0,750,750,500,0,100,80,0
 2019/04/17 13:40:40,0,750,750,500,0,100,78,0
 2019/04/17 13:40:51,0,750,750,500,0,100,78,0
 2019/04/17 13:41:01,0,750,750,500,0,100,77,0
 2019/04/17 13:41:11,0,750,750,500,0,100,78,0
 2019/04/17 13:41:21,0,750,750,500,0,100,78,0
 2019/04/17 13:41:32,0,750,750,500,0,100,78,0
 2019/04/17 13:41:42,0,750,750,500,0,100,76,0
 2019/04/17 13:41:52,0,750,750,500,0,100,76,0
 2019/04/17 13:42:02,0,750,750,500,0,100,76,0
 2019/04/17 13:42:13,0,750,750,500,0,100,76,0
 2019/04/17 13:42:23,0,750,750,500,0,100,74,0
 2019/04/17 13:42:33,0,750,750,500,0,100,74,0
 2019/04/17 13:42:43,0,750,750,500,0,100,76,0
 2019/04/17 13:42:54,0,750,750,500,0,100,77,0
 2019/04/17 13:43:04,0,750,750,500,0,100,77,0
 2019/04/17 13:43:14,0,750,750,500,0,100,76,0
 2019/04/17 13:43:24,0,750,750,500,0,100,78,0
 2019/04/17 13:43:35,0,750,750,500,0,100,78,0
 2019/04/17 13:43:45,0,750,750,500,0,100,78,0
 2019/04/17 13:43:55,0,750,750,500,0,100,80,0
 2019/04/17 13:44:05,0,750,750,500,0,100,80,0
 2019/04/17 13:44:16,0,750,750,500,0,100,80,0
 2019/04/17 13:44:26,0,750,750,500,0,100,77,0
 2019/04/17 13:44:36,0,750,750,500,0,100,74,0
 2019/04/17 13:44:46,0,750,750,500,0,100,74,0
 2019/04/17 13:44:57,0,750,750,500,0,100,77,0
 2019/04/17 13:45:07,0,750,750,500,0,100,76,0
 2019/04/17 13:45:17,0,750,750,500,0,100,76,0
 2019/04/17 13:45:27,0,750,750,500,0,100,76,0
 2019/04/17 13:45:37,0,750,750,500,0,100,75,0
 2019/04/17 13:45:48,0,750,750,500,0,100,75,0
 2019/04/17 13:45:58,0,750,750,500,0,100,75,0
 2019/04/17 13:46:08,0,750,750,500,0,100,75,0
 2019/04/17 13:46:18,0,750,750,500,0,100,75,0
 2019/04/17 13:46:29,0,750,750,500,0,100,74,0
 2019/04/17 13:46:39,0,750,750,500,0,100,74,0
 2019/04/17 13:46:49,0,750,750,500,0,100,74,0
 2019/04/17 13:46:59,0,750,750,500,0,100,76,0
 2019/04/17 13:47:09,0,750,750,500,0,100,75,0
 2019/04/17 13:47:20,0,750,750,500,0,100,75,0
 2019/04/17 13:47:30,0,750,750,500,0,100,75,0
 2019/04/17 13:47:40,0,750,750,500,0,100,75,0
 2019/04/17 13:47:50,0,750,750,500,0,100,75,0
 2019/04/17 13:48:01,0,750,750,500,0,100,75,0
 2019/04/17 13:48:11,0,750,750,500,0,100,75,0
 2019/04/17 13:48:21,0,750,750,500,0,100,77,0
 2019/04/17 13:48:31,0,750,750,500,0,100,77,0
 2019/04/17 13:48:41,0,750,750,500,0,100,77,0
 2019/04/17 13:48:52,0,750,750,500,0,100,77,0
 2019/04/17 13:49:02,0,750,750,500,0,100,77,0
 2019/04/17 13:49:12,0,750,750,500,0,100,75,0
 2019/04/17 13:49:22,0,750,750,500,0,100,76,0
 2019/04/17 13:49:33,0,750,750,500,0,100,76,0
 2019/04/17 13:49:43,0,750,750,500,0,100,76,0
 2019/04/17 13:49:53,0,750,750,500,0,100,76,0
 2019/04/17 13:50:03,0,750,750,500,0,100,76,0
 2019/04/17 13:50:13,0,750,750,500,0,100,76,0
 2019/04/17 13:50:24,0,750,750,500,0,100,76,0
 2019/04/17 13:50:34,0,750,750,500,0,100,76,0
 2019/04/17 13:50:44,0,750,750,500,0,100,76,0
 2019/04/17 13:50:54,0,750,750,500,0,100,76,0
 2019/04/17 13:51:05,0,750,750,500,0,100,76,0
 2019/04/17 13:51:15,0,750,750,500,0,100,76,0
 2019/04/17 13:51:25,0,750,750,500,0,100,76,0
 2019/04/17 13:51:35,0,750,750,500,0,100,76,0
 2019/04/17 13:51:45,0,750,750,500,0,100,74,0
 2019/04/17 13:51:56,0,750,750,500,0,100,74,0
 2019/04/17 13:52:06,0,750,750,500,0,100,74,0
 2019/04/17 13:52:16,0,750,750,500,0,100,74,0
 2019/04/17 13:52:26,0,750,750,500,0,100,74,0
 2019/04/17 13:52:37,0,750,750,500,0,100,73,0
 2019/04/17 13:52:47,0,750,750,500,0,100,73,0
 2019/04/17 13:52:57,0,750,750,500,0,100,75,0
 2019/04/17 13:53:07,0,750,750,500,0,100,76,0
 2019/04/17 13:53:17,0,750,750,500,0,100,76,0
 2019/04/17 13:53:28,0,750,750,500,0,100,76,0
 2019/04/17 13:53:38,0,750,750,500,0,100,78,0
 2019/04/17 13:53:48,0,750,750,500,0,100,78,0
 2019/04/17 13:53:58,0,750,750,500,0,100,78,0
 2019/04/17 13:54:08,0,750,750,500,0,100,81,0
 2019/04/17 13:54:19,0,750,750,500,0,100,81,0
 2019/04/17 13:54:29,0,750,750,500,0,100,79,0
 2019/04/17 13:54:39,0,750,750,500,0,100,76,0
 2019/04/17 13:54:49,0,750,750,500,0,100,76,0
 2019/04/17 13:55:00,0,750,750,500,0,100,74,0
 2019/04/17 13:55:10,0,750,750,500,0,100,73,0
 2019/04/17 13:55:20,0,750,750,500,0,100,73,0
 2019/04/17 13:55:30,0,750,750,500,0,100,74,0
 2019/04/17 13:55:40,0,750,750,500,0,100,75,0
 2019/04/17 13:55:51,0,750,750,500,0,100,75,0
 2019/04/17 13:56:01,0,750,750,500,0,100,76,0
 2019/04/17 13:56:11,0,750,750,500,0,100,77,0
 2019/04/17 13:56:21,0,750,750,500,0,100,77,0
 2019/04/17 13:56:32,0,750,750,500,0,100,77,0
 2019/04/17 13:56:42,0,750,750,500,0,100,77,0
 2019/04/17 13:56:52,0,750,750,500,0,100,80,0
 2019/04/17 13:57:02,0,750,750,500,0,100,80,0
 2019/04/17 13:57:12,0,750,750,500,0,100,78,0
 2019/04/17 13:57:23,0,750,750,500,0,100,79,0
 2019/04/17 13:57:33,0,750,750,500,0,100,79,0
 2019/04/17 13:57:43,0,750,750,500,0,100,79,0
 2019/04/17 13:57:53,0,750,750,500,0,100,77,0
 2019/04/17 13:58:04,0,750,750,500,0,100,77,0
 2019/04/17 13:58:14,0,750,750,500,0,100,78,0
 2019/04/17 13:58:24,0,750,750,500,0,100,78,0
 2019/04/17 13:58:34,0,750,750,500,0,100,78,0
 2019/04/17 13:58:44,0,750,750,500,0,100,78,0
 2019/04/17 13:58:55,0,750,750,500,0,100,76,0
 2019/04/17 13:59:05,0,750,750,500,0,100,76,0
 2019/04/17 13:59:15,0,750,750,500,0,100,76,0
 2019/04/17 13:59:25,0,750,750,500,0,100,76,0
 2019/04/17 13:59:36,0,750,750,500,0,100,76,0
 2019/04/17 13:59:46,0,750,750,500,0,100,76,0
 2019/04/17 13:59:56,0,750,750,500,0,100,75,0
 2019/04/17 14:00:06,0,750,750,500,0,100,75,0
 2019/04/17 14:00:16,0,750,750,500,0,100,73,0
 2019/04/17 14:00:27,0,750,750,500,0,100,73,0
 2019/04/17 14:00:37,0,750,750,500,0,100,74,0
 2019/04/17 14:00:47,0,750,750,500,0,100,74,0
 2019/04/17 14:00:57,0,750,750,500,0,100,73,0
 2019/04/17 14:01:08,0,750,750,500,0,100,73,0
 2019/04/17 14:01:18,0,750,750,500,0,100,73,0
 2019/04/17 14:01:28,0,750,750,500,0,100,73,0
 2019/04/17 14:01:38,0,750,750,500,0,100,73,0
 2019/04/17 14:01:48,0,750,750,500,0,100,73,0
 2019/04/17 14:01:59,0,750,750,500,0,100,72,0
 2019/04/17 14:02:09,0,750,750,500,0,100,74,0
 2019/04/17 14:02:19,0,750,750,500,0,100,74,0
 2019/04/17 14:02:29,0,750,750,500,0,100,75,0
 2019/04/17 14:02:40,0,750,750,500,0,100,75,0
 2019/04/17 14:02:50,0,750,750,500,0,100,75,0
 2019/04/17 14:03:00,0,750,750,500,0,100,75,0
 2019/04/17 14:03:10,0,750,750,500,0,100,77,0
 2019/04/17 14:03:20,0,750,750,500,0,100,77,0
 2019/04/17 14:03:30,0,750,750,500,0,100,77,0
 2019/04/17 14:03:41,0,750,750,500,0,100,78,0
 2019/04/17 14:03:51,0,750,750,500,0,100,78,0
 2019/04/17 14:04:01,0,750,750,500,0,100,79,0
 2019/04/17 14:04:11,0,750,750,500,0,100,77,0
 2019/04/17 14:04:22,0,750,750,500,0,100,78,0
 2019/04/17 14:04:32,0,750,750,500,0,100,78,0
 2019/04/17 14:04:42,0,750,750,500,0,100,77,0
 2019/04/17 14:04:52,0,750,750,500,0,100,75,0
 2019/04/17 14:05:02,0,750,750,500,0,100,75,0
 2019/04/17 14:05:13,0,750,750,500,0,100,74,0
 2019/04/17 14:05:23,0,750,750,500,0,100,74,0
 2019/04/17 14:05:33,0,750,750,500,0,100,74,0
 2019/04/17 14:05:43,0,750,750,500,0,100,73,0
 2019/04/17 14:05:54,0,750,750,500,0,100,70,0
 2019/04/17 14:06:04,0,750,750,500,0,100,70,0
 2019/04/17 14:06:14,0,750,750,500,0,100,76,0
 2019/04/17 14:06:24,0,750,750,500,0,100,78,0
 2019/04/17 14:06:34,0,750,750,500,0,100,78,0
 2019/04/17 14:06:45,0,750,750,500,0,100,75,0
 2019/04/17 14:06:55,0,750,750,500,0,100,74,0
 2019/04/17 14:07:05,0,750,750,500,0,100,74,0
 2019/04/17 14:07:15,0,750,750,500,0,100,73,0
 2019/04/17 14:07:25,0,750,750,500,0,100,71,0
 2019/04/17 14:07:36,0,750,750,500,0,100,71,0
 2019/04/17 14:07:46,0,750,750,500,0,100,73,0
 2019/04/17 14:07:56,0,750,750,500,0,100,75,0
 2019/04/17 14:08:06,0,750,750,500,0,100,76,0
 2019/04/17 14:08:17,0,750,750,500,0,100,76,0
 2019/04/17 14:08:27,0,750,750,500,0,100,76,0
 2019/04/17 14:08:37,0,750,750,500,0,100,76,0
 2019/04/17 14:08:47,0,750,750,500,0,100,76,0
 2019/04/17 14:08:57,0,750,750,500,0,100,78,0
 2019/04/17 14:09:08,0,750,750,500,0,100,76,0
 2019/04/17 14:09:18,0,750,750,500,0,100,76,0
 2019/04/17 14:09:28,0,750,750,500,0,100,77,0
 2019/04/17 14:09:38,0,833,833,500,0,100,77,0
 2019/04/17 14:09:49,0,833,833,500,0,100,77,0
 2019/04/17 14:09:59,0,833,833,500,0,100,78,0
 2019/04/17 14:10:09,0,833,833,500,0,100,76,0
 2019/04/17 14:10:19,0,833,833,500,0,100,76,0
 2019/04/17 14:10:30,0,833,833,500,0,100,75,0
 2019/04/17 14:10:40,0,833,833,500,0,100,75,0
 2019/04/17 14:10:50,0,833,833,500,0,100,75,0
 2019/04/17 14:11:00,0,833,833,500,0,100,73,0
 2019/04/17 14:11:10,0,833,833,500,0,100,71,0
 2019/04/17 14:11:21,0,833,833,500,0,100,70,0
 2019/04/17 14:11:31,0,833,833,500,0,100,70,0
 2019/04/17 14:11:41,0,833,833,500,0,100,72,0
 2019/04/17 14:11:51,0,833,833,500,0,100,72,0
 2019/04/17 14:12:01,0,833,833,500,0,100,72,0
 2019/04/17 14:12:12,0,833,833,500,0,100,73,0
 2019/04/17 14:12:22,0,833,833,500,0,100,73,0
 2019/04/17 14:12:32,0,833,833,500,0,100,73,0
 2019/04/17 14:12:42,0,833,833,500,0,100,73,0
 2019/04/17 14:12:53,0,833,833,500,0,100,73,0
 2019/04/17 14:13:03,0,833,833,500,0,100,73,0
 2019/04/17 14:13:13,0,833,833,500,0,100,73,0
 2019/04/17 14:13:23,0,833,833,500,0,100,73,0
 2019/04/17 14:13:34,0,833,833,500,0,100,73,0
 2019/04/17 14:13:44,0,833,833,500,0,100,73,0
 2019/04/17 14:13:54,0,833,833,500,0,100,73,0
 2019/04/17 14:14:04,0,833,833,500,0,100,73,0
 2019/04/17 14:14:14,0,833,833,500,0,100,86,0
 2019/04/17 14:14:25,0,833,833,500,0,100,81,0
 2019/04/17 14:14:35,0,833,833,500,0,100,81,0
 2019/04/17 14:14:45,0,833,833,500,0,100,79,0
 2019/04/17 14:14:55,0,833,833,500,0,100,64,0
 2019/04/17 14:15:06,0,833,833,500,0,100,64,0
 2019/04/17 14:15:16,0,833,833,500,0,100,79,0
 2019/04/17 14:15:26,0,833,833,500,0,100,84,0
 2019/04/17 14:15:36,0,833,833,500,0,100,84,0
 2019/04/17 14:15:46,0,833,833,500,0,100,69,0
 2019/04/17 14:15:57,0,833,833,500,0,100,81,0
 2019/04/17 14:16:07,0,833,833,500,0,100,66,0
 2019/04/17 14:16:17,0,833,833,500,0,100,66,0
 2019/04/17 14:16:27,0,833,833,500,0,100,70,0
 2019/04/17 14:16:38,0,833,833,500,0,100,70,0
 2019/04/17 14:16:48,0,833,833,500,0,100,70,0
 2019/04/17 14:16:58,0,833,833,500,0,100,85,0
 2019/04/17 14:17:08,0,833,833,500,0,100,70,0
 2019/04/17 14:17:18,0,833,833,500,0,100,70,0
 2019/04/17 14:17:29,0,833,833,500,0,100,66,0
 2019/04/17 14:17:39,0,833,833,500,0,100,71,0
 2019/04/17 14:17:49,0,833,833,500,0,100,71,0
 2019/04/17 14:17:59,0,833,833,500,0,100,71,0
 2019/04/17 14:18:09,0,833,833,500,0,100,73,0
 2019/04/17 14:18:20,0,833,833,500,0,100,73,0
 2019/04/17 14:18:30,0,833,833,500,0,100,72,0
 2019/04/17 14:18:40,0,833,833,500,0,100,73,0
 2019/04/17 14:18:50,0,833,833,500,0,100,73,0
 2019/04/17 14:19:01,0,833,833,500,0,100,73,0
 2019/04/17 14:19:11,0,833,833,500,0,100,71,0
 2019/04/17 14:19:21,0,833,833,500,0,100,72,0
 2019/04/17 14:19:31,0,833,833,500,0,100,72,0
 2019/04/17 14:19:41,0,833,833,500,0,100,72,0
 2019/04/17 14:19:52,0,833,833,500,0,100,70,0
 2019/04/17 14:20:02,0,833,833,500,0,100,70,0
 2019/04/17 14:20:12,0,833,833,500,0,100,70,0
 2019/04/17 14:20:22,0,833,833,500,0,100,70,0
 2019/04/17 14:20:33,0,833,833,500,0,100,70,0
 2019/04/17 14:20:43,0,833,833,500,0,100,68,0
 2019/04/17 14:20:53,0,833,833,500,0,100,68,0
 2019/04/17 14:21:03,0,833,833,500,0,100,68,0
 2019/04/17 14:21:13,0,833,833,500,0,100,75,0
 2019/04/17 14:21:24,0,833,833,500,0,100,81,0
 2019/04/17 14:21:34,0,833,833,500,0,100,81,0
 2019/04/17 14:21:44,0,833,833,500,0,100,76,0
 2019/04/17 14:21:54,0,833,833,500,0,100,73,0
 2019/04/17 14:22:04,0,833,833,500,0,100,73,0
 2019/04/17 14:22:15,0,833,833,500,0,100,75,0
 2019/04/17 14:22:25,0,833,833,500,0,100,81,0
 2019/04/17 14:22:35,0,833,833,500,0,100,81,0
 2019/04/17 14:22:45,0,833,833,500,0,100,81,0
 2019/04/17 14:22:55,0,833,833,500,0,100,82,0
 2019/04/17 14:23:06,0,833,833,500,0,100,82,0
 2019/04/17 14:23:16,0,833,833,500,0,100,79,0
 2019/04/17 14:23:26,0,833,833,500,0,100,77,0
 2019/04/17 14:23:36,0,833,833,500,0,100,74,0
 2019/04/17 14:23:47,0,833,833,500,0,100,74,0
 2019/04/17 14:23:57,0,833,833,500,0,100,77,0
 2019/04/17 14:24:07,0,833,833,500,0,100,78,0
 2019/04/17 14:24:17,0,833,833,500,0,100,78,0
 2019/04/17 14:24:27,0,833,833,500,0,100,80,0
 2019/04/17 14:24:38,0,833,833,500,0,100,79,0
 2019/04/17 14:24:48,0,833,833,500,0,100,79,0
 2019/04/17 14:24:58,0,833,833,500,0,100,79,0
 2019/04/17 14:25:08,0,833,833,500,0,100,82,0
 2019/04/17 14:25:19,0,833,833,500,0,100,82,0
 2019/04/17 14:25:29,0,833,833,500,0,100,78,0
 2019/04/17 14:25:39,0,833,833,500,0,100,73,0
 2019/04/17 14:25:49,0,833,833,500,0,100,73,0
 2019/04/17 14:25:59,0,833,833,500,0,100,80,0
 2019/04/17 14:26:10,0,833,833,500,0,100,82,0
 2019/04/17 14:26:20,0,833,833,500,0,100,82,0
 2019/04/17 14:26:30,0,833,833,500,0,100,79,0
 2019/04/17 14:26:40,0,833,833,500,0,100,76,0
 2019/04/17 14:26:51,0,833,833,500,0,100,76,0
 2019/04/17 14:27:01,0,833,833,500,0,100,75,0
 2019/04/17 14:27:11,0,833,833,500,0,100,73,0
 2019/04/17 14:27:21,0,833,833,500,0,100,73,0
 2019/04/17 14:27:31,0,833,833,500,0,100,79,0
 2019/04/17 14:27:42,0,833,833,500,0,100,81,0
 2019/04/17 14:27:52,0,833,833,500,0,100,81,0
 2019/04/17 14:28:02,0,833,833,500,0,100,81,0
 2019/04/17 14:28:12,0,833,833,500,0,100,77,0
 2019/04/17 14:28:23,0,833,833,500,0,100,74,0
 2019/04/17 14:28:33,0,833,833,500,0,100,74,0
 2019/04/17 14:28:43,0,833,833,500,0,100,75,0
 2019/04/17 14:28:53,0,833,833,500,0,100,77,0
 2019/04/17 14:29:03,0,833,833,500,0,100,77,0
 2019/04/17 14:29:14,0,833,833,500,0,100,76,0
 2019/04/17 14:29:24,0,833,833,500,0,100,77,0
 2019/04/17 14:29:34,0,833,833,500,0,100,77,0
 2019/04/17 14:29:44,0,833,833,500,0,100,77,0
 2019/04/17 14:29:54,0,833,833,500,0,100,79,0
 2019/04/17 14:30:05,0,833,833,500,0,100,79,0
 2019/04/17 14:30:15,0,833,833,500,0,100,78,0
 2019/04/17 14:30:25,0,833,833,500,0,100,79,0
 2019/04/17 14:30:35,0,833,833,500,0,100,79,0
 2019/04/17 14:30:46,0,833,833,500,0,100,79,0
 2019/04/17 14:30:56,0,833,833,500,0,100,79,0
 2019/04/17 14:31:06,0,833,833,500,0,100,79,0
 2019/04/17 14:31:16,0,833,833,500,0,100,79,0
 2019/04/17 14:31:26,0,833,833,500,0,100,80,0
 2019/04/17 14:31:37,0,833,833,500,0,100,80,0
 2019/04/17 14:31:47,0,833,833,500,0,100,80,0
 2019/04/17 14:31:57,0,833,833,500,0,100,80,0
 2019/04/17 14:32:07,0,833,833,500,0,100,81,0
 2019/04/17 14:32:17,0,833,833,500,0,100,81,0
 2019/04/17 14:32:28,0,833,833,500,0,100,77,0
 2019/04/17 14:32:38,0,833,833,500,0,100,74,0
 2019/04/17 14:32:48,0,833,833,500,0,100,74,0
 2019/04/17 14:32:58,0,833,833,500,0,100,74,0
 2019/04/17 14:33:09,0,833,833,500,0,100,74,0
 2019/04/17 14:33:19,0,833,833,500,0,100,74,0
 2019/04/17 14:33:29,0,833,833,500,0,100,75,0
 2019/04/17 14:33:39,0,833,833,500,0,100,73,0
 2019/04/17 14:33:49,0,833,833,500,0,100,73,0
 2019/04/17 14:34:00,0,833,833,500,0,100,75,0
 2019/04/17 14:34:10,0,833,833,500,0,100,76,0
 2019/04/17 14:34:20,0,833,833,500,0,100,76,0
 2019/04/17 14:34:30,0,833,833,500,0,100,77,0
 2019/04/17 14:34:41,0,833,833,500,0,100,79,0
 2019/04/17 14:34:51,0,833,833,500,0,100,81,0
 2019/04/17 14:35:01,0,833,833,500,0,100,81,0
 2019/04/17 14:35:11,0,833,833,500,0,100,77,0
 2019/04/17 14:35:21,0,833,833,500,0,100,77,0
 2019/04/17 14:35:32,0,833,833,500,0,100,77,0
 2019/04/17 14:35:42,0,833,833,500,0,100,75,0
 2019/04/17 14:35:52,0,833,833,500,0,100,74,0
 2019/04/17 14:36:02,0,833,833,500,0,100,74,0
 2019/04/17 14:36:13,0,833,833,500,0,100,74,0
 2019/04/17 14:36:23,0,833,833,500,0,100,73,0
 2019/04/17 14:36:33,0,833,833,500,0,100,73,0
 2019/04/17 14:36:44,0,833,833,500,0,100,74,0
 2019/04/17 14:36:54,0,833,833,500,0,100,75,0
 2019/04/17 14:37:04,0,833,833,500,0,100,75,0
 2019/04/17 14:37:14,0,833,833,500,0,100,75,0
 2019/04/17 14:37:25,0,833,833,500,0,100,77,0
 2019/04/17 14:37:35,0,833,833,500,0,100,77,0
 2019/04/17 14:37:45,0,833,833,500,0,100,90,0
 2019/04/17 14:37:56,0,833,833,500,0,100,75,0
 2019/04/17 14:38:06,0,833,833,500,0,100,70,0
 2019/04/17 14:38:16,0,833,833,500,0,100,70,0
 2019/04/17 14:38:26,0,833,833,500,0,100,81,0
 2019/04/17 14:38:37,0,833,833,500,0,100,76,0
 2019/04/17 14:38:47,0,833,833,500,0,100,76,0
 2019/04/17 14:38:57,0,833,833,500,0,100,86,0
 2019/04/17 14:39:07,0,833,833,500,0,100,83,0
 2019/04/17 14:39:18,0,833,833,500,0,100,83,0
 2019/04/17 14:39:28,0,833,833,500,0,100,79,0
 2019/04/17 14:39:38,0,833,833,500,0,100,76,0
 2019/04/17 14:39:48,0,833,833,500,0,100,76,0
 2019/04/17 14:39:59,0,833,833,500,0,100,73,0
 2019/04/17 14:40:09,0,833,833,500,0,100,64,0
 2019/04/17 14:40:19,0,833,833,500,0,100,64,0
 2019/04/17 14:40:29,0,833,833,500,0,100,79,0
 2019/04/17 14:40:40,0,833,833,500,0,100,94,0
 2019/04/17 14:40:50,0,833,833,500,0,100,94,0
 2019/04/17 14:41:00,0,833,833,500,0,100,91,0
 2019/04/17 14:41:10,0,833,833,500,0,100,89,0
 2019/04/17 14:41:21,0,833,833,500,0,100,89,0
 2019/04/17 14:41:31,0,833,833,500,0,100,85,0
 2019/04/17 14:41:41,0,833,833,500,0,100,80,0
 2019/04/17 14:41:51,0,833,833,500,0,100,78,0
 2019/04/17 14:42:01,0,833,833,500,0,100,78,0
 2019/04/17 14:42:12,0,833,833,500,0,100,73,0
 2019/04/17 14:42:22,0,833,833,500,0,100,76,0
 2019/04/17 14:42:32,0,833,833,500,0,100,76,0
 2019/04/17 14:42:42,0,833,833,500,0,100,78,0
 2019/04/17 14:42:53,0,833,833,500,0,100,79,0
 2019/04/17 14:43:03,0,833,833,500,0,100,79,0
 2019/04/17 14:43:13,0,833,833,500,0,100,80,0
 2019/04/17 14:43:23,0,833,833,500,0,100,79,0
 2019/04/17 14:43:34,0,833,833,500,0,100,79,0
 2019/04/17 14:43:44,0,833,833,500,0,100,79,0
 2019/04/17 14:43:54,0,833,833,500,0,100,79,0
 2019/04/17 14:44:05,0,833,833,500,0,100,79,0
 2019/04/17 14:44:15,0,833,833,500,0,100,79,0
 2019/04/17 14:44:25,0,833,833,500,0,100,81,0
 2019/04/17 14:44:35,0,833,833,500,0,100,81,0
 2019/04/17 14:44:45,0,833,833,500,0,100,79,0
 2019/04/17 14:44:56,0,833,833,500,0,100,73,0
 2019/04/17 14:45:06,0,833,833,500,0,100,73,0
 2019/04/17 14:45:16,0,833,833,500,0,100,76,0
 2019/04/17 14:45:26,0,833,833,500,0,100,77,0
 2019/04/17 14:45:37,0,833,833,500,0,100,78,0
 2019/04/17 14:45:47,0,833,833,500,0,100,78,0
 2019/04/17 14:45:57,0,833,833,500,0,100,80,0
 2019/04/17 14:46:07,0,833,833,500,0,100,77,0
 2019/04/17 14:46:18,0,833,833,500,0,100,77,0
 2019/04/17 14:46:28,0,833,833,500,0,100,76,0
 2019/04/17 14:46:38,0,833,833,500,0,100,76,0
 2019/04/17 14:46:48,0,833,833,500,0,100,76,0
 2019/04/17 14:46:59,0,833,833,500,0,100,74,0
 2019/04/17 14:47:09,0,833,833,500,0,100,72,0
 2019/04/17 14:47:19,0,833,833,500,0,100,72,0
 2019/04/17 14:47:29,0,833,833,500,0,100,78,0
 2019/04/17 14:47:40,0,833,833,500,0,100,78,0
 2019/04/17 14:47:50,0,833,833,500,0,100,78,0
 2019/04/17 14:48:00,0,833,833,500,0,100,79,0
 2019/04/17 14:48:10,0,833,833,500,0,100,77,0
 2019/04/17 14:48:21,0,833,833,500,0,100,77,0
 2019/04/17 14:48:31,0,833,833,500,0,100,78,0
 2019/04/17 14:48:41,0,833,833,500,0,100,77,0
 2019/04/17 14:48:51,0,833,833,500,0,100,75,0
 2019/04/17 14:49:01,0,833,833,500,0,100,75,0
 2019/04/17 14:49:12,0,833,833,500,0,100,76,0
 2019/04/17 14:49:22,0,833,833,500,0,100,73,0
 2019/04/17 14:49:32,0,833,833,500,0,100,73,0
 2019/04/17 14:49:42,0,833,833,500,0,100,75,0
 2019/04/17 14:49:53,0,833,833,500,0,100,74,0
 2019/04/17 14:50:03,0,833,833,500,0,100,74,0
 2019/04/17 14:50:13,0,833,833,500,0,100,76,0
 2019/04/17 14:50:23,0,833,833,500,0,100,75,0
 2019/04/17 14:50:34,0,833,833,500,0,100,75,0
 2019/04/17 14:50:44,0,833,833,500,0,100,75,0
 2019/04/17 14:50:54,0,833,833,500,0,100,75,0
 2019/04/17 14:51:04,0,833,833,500,0,100,75,0
 2019/04/17 14:51:15,0,833,833,500,0,100,77,0
 2019/04/17 14:51:25,0,833,833,500,0,100,77,0
 2019/04/17 14:51:35,0,833,833,500,0,100,77,0
 2019/04/17 14:51:45,0,833,833,500,0,100,77,0
 2019/04/17 14:51:56,0,833,833,500,0,100,78,0
 2019/04/17 14:52:06,0,833,833,500,0,100,78,0
 2019/04/17 14:52:16,0,833,833,500,0,100,78,0
 2019/04/17 14:52:26,0,833,833,500,0,100,76,0
 2019/04/17 14:52:37,0,833,833,500,0,100,77,0
 2019/04/17 14:52:47,0,833,833,500,0,100,77,0
 2019/04/17 14:52:57,0,833,833,500,0,100,77,0
 2019/04/17 14:53:07,0,833,833,500,0,100,77,0
 2019/04/17 14:53:17,0,833,833,500,0,100,77,0
 2019/04/17 14:53:28,0,833,833,500,0,100,77,0
 2019/04/17 14:53:38,0,833,833,500,0,100,77,0
 2019/04/17 14:53:48,0,833,833,500,0,100,77,0
 2019/04/17 14:53:58,0,833,833,500,0,100,77,0
 2019/04/17 14:54:09,0,833,833,500,0,100,77,0
 2019/04/17 14:54:19,0,833,833,500,0,100,77,0
 2019/04/17 14:54:29,0,833,833,500,0,100,77,0
 2019/04/17 14:54:39,0,833,833,500,0,100,77,0
 2019/04/17 14:54:50,0,833,833,500,0,100,77,0
 2019/04/17 14:55:00,0,833,833,500,0,100,75,0
 2019/04/17 14:55:10,0,833,833,500,0,100,75,0
 2019/04/17 14:55:20,0,833,833,500,0,100,75,0
 2019/04/17 14:55:31,0,833,833,500,0,100,75,0
 2019/04/17 14:55:41,0,833,833,500,0,100,75,0
 2019/04/17 14:55:51,0,833,833,500,0,100,74,0
 2019/04/17 14:56:01,0,833,833,500,0,100,74,0
 2019/04/17 14:56:12,0,833,833,500,0,100,74,0
 2019/04/17 14:56:22,0,833,833,500,0,100,74,0
 2019/04/17 14:56:32,0,833,833,500,0,100,74,0
 2019/04/17 14:56:42,0,833,833,500,0,100,71,0
 2019/04/17 14:56:53,0,833,833,500,0,100,75,0
 2019/04/17 14:57:03,0,833,833,500,0,100,75,0
 2019/04/17 14:57:13,0,833,833,500,0,100,76,0
 2019/04/17 14:57:23,0,833,833,500,0,100,78,0
 2019/04/17 14:57:33,0,833,833,500,0,100,78,0
 2019/04/17 14:57:44,0,833,833,500,0,100,80,0
 2019/04/17 14:57:54,0,833,833,500,0,100,76,0
 2019/04/17 14:58:04,0,833,833,500,0,100,76,0
 2019/04/17 14:58:14,0,833,833,500,0,100,76,0
 2019/04/17 14:58:25,0,833,833,500,0,100,74,0
 2019/04/17 14:58:35,0,833,833,500,0,100,74,0
 2019/04/17 14:58:45,0,833,833,500,0,100,73,0
 2019/04/17 14:58:55,0,833,833,500,0,100,73,0
 2019/04/17 14:59:06,0,833,833,500,0,100,73,0
 2019/04/17 14:59:16,0,833,833,500,0,100,72,0
 2019/04/17 14:59:26,0,833,833,500,0,100,72,0
 2019/04/17 14:59:36,0,833,833,500,0,100,71,0
 2019/04/17 14:59:47,0,833,833,500,0,100,71,0
 2019/04/17 14:59:57,0,833,833,500,0,100,72,0
 2019/04/17 15:00:07,0,833,833,500,0,100,73,0
 2019/04/17 15:00:17,0,833,833,500,0,100,73,0
 2019/04/17 15:00:28,0,833,833,500,0,100,75,0
 2019/04/17 15:00:38,0,833,833,500,0,100,76,0
 2019/04/17 15:00:48,0,833,833,500,0,100,76,0
 2019/04/17 15:00:58,0,833,833,500,0,100,76,0
 2019/04/17 15:01:09,0,833,833,500,0,100,77,0
 2019/04/17 15:01:19,0,833,833,500,0,100,77,0
 2019/04/17 15:01:29,0,833,833,500,0,100,79,0
 2019/04/17 15:01:39,0,833,833,500,0,100,78,0
 2019/04/17 15:01:50,0,833,833,500,0,100,78,0
 2019/04/17 15:02:00,0,833,833,500,0,100,75,0
 2019/04/17 15:02:10,0,833,833,500,0,100,74,0
 2019/04/17 15:02:20,0,833,833,500,0,100,74,0
 2019/04/17 15:02:31,0,833,833,500,0,100,73,0
 2019/04/17 15:02:41,0,833,833,500,0,100,73,0
 2019/04/17 15:02:51,0,833,833,500,0,100,70,0
 2019/04/17 15:03:02,0,833,833,500,0,100,70,0
 2019/04/17 15:03:12,0,833,833,500,0,100,74,0
 2019/04/17 15:03:22,0,833,833,500,0,100,76,0
 2019/04/17 15:03:32,0,833,833,500,0,100,76,0
 2019/04/17 15:03:42,0,833,833,500,0,100,79,0
 2019/04/17 15:03:53,0,833,833,500,0,100,75,0
 2019/04/17 15:04:03,0,833,833,500,0,100,75,0
 2019/04/17 15:04:13,0,833,833,500,0,100,74,0
 2019/04/17 15:04:24,0,833,833,500,0,100,73,0
 2019/04/17 15:04:34,0,833,833,500,0,100,73,0
 2019/04/17 15:04:44,0,833,833,500,0,100,71,0
 2019/04/17 15:04:54,0,833,833,500,0,100,72,0
 2019/04/17 15:05:05,0,833,833,500,0,100,72,0
 2019/04/17 15:05:15,0,833,833,500,0,100,73,0
 2019/04/17 15:05:25,0,833,833,500,0,100,72,0
 2019/04/17 15:05:35,0,833,833,500,0,100,72,0
 2019/04/17 15:05:46,0,833,833,500,0,100,72,0
 2019/04/17 15:05:56,0,833,833,500,0,100,73,0
 2019/04/17 15:06:06,0,833,833,500,0,100,73,0
 2019/04/17 15:06:16,0,833,833,500,0,100,73,0
 2019/04/17 15:06:27,0,833,833,500,0,100,73,0
 2019/04/17 15:06:37,0,833,833,500,0,100,73,0
 2019/04/17 15:06:47,0,833,833,500,0,100,73,0
 2019/04/17 15:06:57,0,833,833,500,0,100,73,0
 2019/04/17 15:07:08,0,833,833,500,0,100,71,0
 2019/04/17 15:07:18,0,833,833,500,0,100,71,0
 2019/04/17 15:07:28,0,833,833,500,0,100,71,0
 2019/04/17 15:07:38,0,833,833,500,0,100,71,0
 2019/04/17 15:07:49,0,833,833,500,0,100,71,0
 2019/04/17 15:07:59,0,833,833,500,0,100,70,0
 2019/04/17 15:08:09,0,833,833,500,0,100,72,0
 2019/04/17 15:08:20,0,833,833,500,0,100,72,0
 2019/04/17 15:08:30,0,833,833,500,0,100,71,0
 2019/04/17 15:08:40,0,833,833,500,0,100,71,0
 2019/04/17 15:08:50,0,833,833,500,0,100,73,0
 2019/04/17 15:09:01,0,833,833,500,0,100,73,0
 2019/04/17 15:09:11,0,833,833,500,0,100,73,0
 2019/04/17 15:09:21,0,833,833,500,0,100,74,0
 2019/04/17 15:09:32,0,833,500,500,0,100,74,0
 2019/04/17 15:09:42,0,500,500,500,0,100,74,0
 2019/04/17 15:09:52,0,500,500,500,0,100,74,0
 2019/04/17 15:10:02,0,500,500,500,0,100,74,0
 2019/04/17 15:10:13,0,500,500,500,0,100,75,0
 2019/04/17 15:10:23,0,500,500,500,0,100,75,0
 2019/04/17 15:10:33,0,500,500,500,0,100,75,0
 2019/04/17 15:10:43,0,500,500,500,0,100,75,0
 2019/04/17 15:10:54,0,500,500,500,0,100,75,0
 2019/04/17 15:11:04,0,500,500,500,0,100,75,0
 2019/04/17 15:11:14,0,500,500,500,0,100,65,0
 2019/04/17 15:11:25,0,500,500,500,0,100,77,0
 2019/04/17 15:11:35,0,500,500,500,0,100,77,0
 2019/04/17 15:11:45,0,500,500,500,0,100,78,0
 2019/04/17 15:11:55,0,500,500,500,0,100,83,0
 2019/04/17 15:12:05,0,500,500,500,0,100,83,0
 2019/04/17 15:12:16,0,500,500,500,0,100,77,0
 2019/04/17 15:12:26,0,500,500,500,0,100,74,0
 2019/04/17 15:12:36,0,500,500,500,0,100,78,0
 2019/04/17 15:12:46,0,500,500,500,0,100,78,0
 2019/04/17 15:12:57,0,500,500,500,0,100,81,0
 2019/04/17 15:13:07,0,500,500,500,0,100,81,0
 2019/04/17 15:13:17,0,500,500,500,0,100,81,0
 2019/04/17 15:13:28,0,500,500,500,0,100,82,0
 2019/04/17 15:13:38,0,500,500,500,0,100,83,0
 2019/04/17 15:13:48,0,500,500,500,0,100,83,0
 2019/04/17 15:13:58,0,500,500,500,0,100,82,0
 2019/04/17 15:14:08,0,500,500,500,0,100,81,0
 2019/04/17 15:14:19,0,500,500,500,0,100,81,0
 2019/04/17 15:14:29,0,500,500,500,0,100,80,0
 2019/04/17 15:14:39,0,500,500,500,0,100,79,0
 2019/04/17 15:14:49,0,500,500,500,0,100,79,0
 2019/04/17 15:15:00,0,500,500,500,0,100,77,0
 2019/04/17 15:15:10,0,500,500,500,0,100,75,0
 2019/04/17 15:15:20,0,500,500,500,0,100,75,0
 2019/04/17 15:15:30,0,500,500,500,0,100,77,0
 2019/04/17 15:15:41,0,500,500,500,0,100,77,0
 2019/04/17 15:15:51,0,500,500,500,0,100,77,0
 2019/04/17 15:16:01,0,500,500,500,0,100,77,0
 2019/04/17 15:16:11,0,500,500,500,0,100,76,0
 2019/04/17 15:16:22,0,500,500,500,0,100,78,0
 2019/04/17 15:16:32,0,500,500,500,0,100,78,0
 2019/04/17 15:16:42,0,500,500,500,0,100,77,0
 2019/04/17 15:16:52,0,500,500,500,0,100,77,0
 2019/04/17 15:17:03,0,500,500,500,0,100,77,0
 2019/04/17 15:17:13,0,500,500,500,0,100,79,0
 2019/04/17 15:17:23,0,500,500,500,0,100,79,0
 2019/04/17 15:17:33,0,500,500,500,0,100,79,0
 2019/04/17 15:17:44,0,500,500,500,0,100,79,0
 2019/04/17 15:17:54,0,500,500,500,0,100,79,0
 2019/04/17 15:18:04,0,500,500,500,0,100,79,0
 2019/04/17 15:18:15,0,500,500,500,0,100,80,0
 2019/04/17 15:18:25,0,500,500,500,0,100,80,0
 2019/04/17 15:18:35,0,500,500,500,0,100,80,0
 2019/04/17 15:18:45,0,500,500,500,0,100,80,0
 2019/04/17 15:18:55,0,500,500,500,0,100,81,0
 2019/04/17 15:19:06,0,500,500,500,0,100,83,0
 2019/04/17 15:19:16,0,500,500,500,0,100,83,0
 2019/04/17 15:19:26,0,500,500,500,0,100,79,0
 2019/04/17 15:19:37,0,500,500,500,0,100,76,0
 2019/04/17 15:19:47,0,500,500,500,0,100,76,0
 2019/04/17 15:19:57,0,500,500,500,0,100,75,0
 2019/04/17 15:20:07,0,500,500,500,0,100,77,0
 2019/04/17 15:20:18,0,500,500,500,0,100,77,0
 2019/04/17 15:20:28,0,500,500,500,0,100,76,0
 2019/04/17 15:20:38,0,500,500,500,0,100,77,0
 2019/04/17 15:20:48,0,500,500,500,0,100,77,0
 2019/04/17 15:20:59,0,500,500,500,0,100,76,0
 2019/04/17 15:21:09,0,500,500,500,0,100,91,0
 2019/04/17 15:21:19,0,500,500,500,0,100,91,0
 2019/04/17 15:21:29,0,500,500,500,0,100,87,0
 2019/04/17 15:21:40,0,500,500,500,0,100,87,0
 2019/04/17 15:21:50,0,500,500,500,0,100,87,0
 2019/04/17 15:22:00,0,500,500,500,0,100,86,0
 2019/04/17 15:22:10,0,500,500,500,0,100,85,0
 2019/04/17 15:22:21,0,500,500,500,0,100,85,0
 2019/04/17 15:22:31,0,500,500,500,0,100,82,0
 2019/04/17 15:22:41,0,500,500,500,0,100,81,0
 2019/04/17 15:22:51,0,500,500,500,0,100,77,0
 2019/04/17 15:23:02,0,500,500,500,0,100,77,0
 2019/04/17 15:23:12,0,500,500,500,0,100,75,0
 2019/04/17 15:23:22,0,500,500,500,0,100,79,0
 2019/04/17 15:23:32,0,500,500,500,0,100,79,0
 2019/04/17 15:23:42,0,500,500,500,0,100,78,0
 2019/04/17 15:23:53,0,500,500,500,0,100,81,0
 2019/04/17 15:24:03,0,500,500,500,0,100,81,0
 2019/04/17 15:24:13,0,500,500,500,0,100,80,0
 2019/04/17 15:24:23,0,500,500,500,0,100,80,0
 2019/04/17 15:24:34,0,500,500,500,0,100,80,0
 2019/04/17 15:24:44,0,500,500,500,0,100,80,0
 2019/04/17 15:24:54,0,500,500,500,0,100,80,0
 2019/04/17 15:25:04,0,500,500,500,0,100,80,0
 2019/04/17 15:25:15,0,500,500,500,0,100,80,0
 2019/04/17 15:25:25,0,500,500,500,0,100,80,0
 2019/04/17 15:25:35,0,500,500,500,0,100,80,0
 2019/04/17 15:25:45,0,500,500,500,0,100,80,0
 2019/04/17 15:25:56,0,500,500,500,0,100,80,0
 2019/04/17 15:26:06,0,500,500,500,0,100,80,0
 2019/04/17 15:26:16,0,500,500,500,0,100,80,0
 2019/04/17 15:26:26,0,500,500,500,0,100,80,0
 2019/04/17 15:26:36,0,500,500,500,0,100,78,0
 2019/04/17 15:26:47,0,500,500,500,0,100,78,0
 2019/04/17 15:26:57,0,500,500,500,0,100,78,0
 2019/04/17 15:27:07,0,500,500,500,0,100,78,0
 2019/04/17 15:27:17,0,500,500,500,0,100,78,0
 2019/04/17 15:27:28,0,500,500,500,0,100,77,0
 2019/04/17 15:27:38,0,500,500,500,0,100,77,0
 2019/04/17 15:27:48,0,500,500,500,0,100,77,0
 2019/04/17 15:27:58,0,500,500,500,0,100,77,0
 2019/04/17 15:28:09,0,500,500,500,0,100,77,0
 2019/04/17 15:28:19,0,500,500,500,0,100,77,0
 2019/04/17 15:28:29,0,500,500,500,0,100,76,0
 2019/04/17 15:28:39,0,500,500,500,0,100,76,0
 2019/04/17 15:28:50,0,500,500,500,0,100,76,0
 2019/04/17 15:29:00,0,500,500,500,0,100,76,0
 2019/04/17 15:29:10,0,500,500,500,0,100,75,0
 2019/04/17 15:29:20,0,500,500,500,0,100,75,0
 2019/04/17 15:29:31,0,500,500,500,0,100,77,0
 2019/04/17 15:29:41,0,500,500,500,0,100,78,0
 2019/04/17 15:29:51,0,500,500,500,0,100,78,0
 2019/04/17 15:30:01,0,500,500,500,0,100,78,0
 2019/04/17 15:30:12,0,500,500,500,0,100,80,0
 2019/04/17 15:30:22,0,500,500,500,0,100,82,0
 2019/04/17 15:30:32,0,500,500,500,0,100,82,0
 2019/04/17 15:30:42,0,500,500,500,0,100,82,0
 2019/04/17 15:30:53,0,500,500,500,0,100,81,0
 2019/04/17 15:31:03,0,500,500,500,0,100,81,0
 2019/04/17 15:31:13,0,500,500,500,0,100,79,0
 2019/04/17 15:31:23,0,500,500,500,0,100,78,0
 2019/04/17 15:31:34,0,500,500,500,0,100,78,0
 2019/04/17 15:31:44,0,500,500,500,0,100,74,0
 2019/04/17 15:31:54,0,500,500,500,0,100,81,0
 2019/04/17 15:32:04,0,500,500,500,0,100,81,0
 2019/04/17 15:32:15,0,500,500,500,0,100,83,0
 2019/04/17 15:32:25,0,500,500,500,0,100,78,0
 2019/04/17 15:32:35,0,500,500,500,0,100,78,0
 2019/04/17 15:32:45,0,500,500,500,0,100,77,0
 2019/04/17 15:32:56,0,500,500,500,0,100,76,0
 2019/04/17 15:33:06,0,500,500,500,0,100,76,0
 2019/04/17 15:33:16,0,500,500,500,0,100,74,0
 2019/04/17 15:33:26,0,500,500,500,0,100,79,0
 2019/04/17 15:33:37,0,500,500,500,0,100,82,0
 2019/04/17 15:33:47,0,500,500,500,0,100,82,0
 2019/04/17 15:33:57,0,500,500,500,0,100,81,0
 2019/04/17 15:34:07,0,500,500,500,0,100,79,0
 2019/04/17 15:34:18,0,500,500,500,0,100,79,0
 2019/04/17 15:34:28,0,500,500,500,0,100,78,0
 2019/04/17 15:34:38,0,500,500,500,0,100,77,0
 2019/04/17 15:34:48,0,500,500,500,0,100,77,0
 2019/04/17 15:34:59,0,500,500,500,0,100,77,0
 2019/04/17 15:35:09,0,500,500,500,0,100,75,0
 2019/04/17 15:35:19,0,500,500,500,0,100,75,0
 2019/04/17 15:35:29,0,500,500,500,0,100,77,0
 2019/04/17 15:35:40,0,500,500,500,0,100,76,0
 2019/04/17 15:35:50,0,500,500,500,0,100,76,0
 2019/04/17 15:36:00,0,500,500,500,0,100,78,0
 2019/04/17 15:36:10,0,500,500,500,0,100,77,0
 2019/04/17 15:36:21,0,500,500,500,0,100,77,0
 2019/04/17 15:36:31,0,500,500,500,0,100,79,0
 2019/04/17 15:36:41,0,500,500,500,0,100,79,0
 2019/04/17 15:36:51,0,500,500,500,0,100,79,0
 2019/04/17 15:37:02,0,500,500,500,0,100,79,0
 2019/04/17 15:37:12,0,500,500,500,0,100,79,0
 2019/04/17 15:37:22,0,500,500,500,0,100,82,0
 2019/04/17 15:37:32,0,500,500,500,0,100,82,0
 2019/04/17 15:37:43,0,500,500,500,0,100,80,0
 2019/04/17 15:37:53,0,500,500,500,0,100,79,0
 2019/04/17 15:38:03,0,500,500,500,0,100,79,0
 2019/04/17 15:38:13,0,500,500,500,0,100,75,0
 2019/04/17 15:38:24,0,500,500,500,0,100,78,0
 2019/04/17 15:38:34,0,500,500,500,0,100,78,0
 2019/04/17 15:38:44,0,500,500,500,0,100,79,0
 2019/04/17 15:38:54,0,500,500,500,0,100,80,0
 2019/04/17 15:39:05,0,500,500,500,0,100,80,0
 2019/04/17 15:39:15,0,500,500,500,0,100,82,0
 2019/04/17 15:39:25,0,500,500,500,0,100,82,0
 2019/04/17 15:39:35,0,500,500,500,0,100,82,0
 2019/04/17 15:39:46,0,500,500,500,0,100,83,0
 2019/04/17 15:39:56,0,500,500,500,0,100,81,0
 2019/04/17 15:40:06,0,500,500,500,0,100,81,0
 2019/04/17 15:40:16,0,500,500,500,0,100,80,0
 2019/04/17 15:40:26,0,500,500,500,0,100,79,0
 2019/04/17 15:40:37,0,500,500,500,0,100,77,0
 2019/04/17 15:40:47,0,500,500,500,0,100,77,0
 2019/04/17 15:40:57,0,500,500,500,0,100,77,0
 2019/04/17 15:41:08,0,500,500,500,0,100,75,0
 2019/04/17 15:41:18,0,500,500,500,0,100,75,0
 2019/04/17 15:41:28,0,500,500,500,0,100,76,0
 2019/04/17 15:41:38,0,500,500,500,0,100,75,0
 2019/04/17 15:41:49,0,500,500,500,0,100,75,0
 2019/04/17 15:41:59,0,500,500,500,0,100,77,0
 2019/04/17 15:42:09,0,500,500,500,0,100,78,0
 2019/04/17 15:42:19,0,500,500,500,0,100,78,0
 2019/04/17 15:42:30,0,500,500,500,0,100,79,0
 2019/04/17 15:42:40,0,500,500,500,0,100,79,0
 2019/04/17 15:42:50,0,500,500,500,0,100,79,0
 2019/04/17 15:43:00,0,500,500,500,0,100,81,0
 2019/04/17 15:43:11,0,500,500,500,0,100,81,0
 2019/04/17 15:43:21,0,500,500,500,0,100,81,0
 2019/04/17 15:43:31,0,500,500,500,0,100,79,0
 2019/04/17 15:43:41,0,500,500,500,0,100,80,0
 2019/04/17 15:43:52,0,500,500,500,0,100,79,0
 2019/04/17 15:44:02,0,500,500,500,0,100,79,0
 2019/04/17 15:44:12,0,500,500,500,0,100,79,0
 2019/04/17 15:44:22,0,500,500,500,0,100,77,0
 2019/04/17 15:44:33,0,500,500,500,0,100,77,0
 2019/04/17 15:44:43,0,500,500,500,0,100,78,0
 2019/04/17 15:44:53,0,500,500,500,0,100,75,0
 2019/04/17 15:45:03,0,500,500,500,0,100,75,0
 2019/04/17 15:45:13,0,500,500,500,0,100,77,0
 2019/04/17 15:45:24,0,500,500,500,0,100,79,0
 2019/04/17 15:45:34,0,500,500,500,0,100,79,0
 2019/04/17 15:45:44,0,500,500,500,0,100,78,0
 2019/04/17 15:45:54,0,500,500,500,0,100,80,0
 2019/04/17 15:46:05,0,500,500,500,0,100,80,0
 2019/04/17 15:46:15,0,500,500,500,0,100,79,0
 2019/04/17 15:46:25,0,500,500,500,0,100,82,0
 2019/04/17 15:46:35,0,500,500,500,0,100,82,0
 2019/04/17 15:46:46,0,500,500,500,0,100,80,0
 2019/04/17 15:46:56,0,500,500,500,0,100,79,0
 2019/04/17 15:47:06,0,500,500,500,0,100,77,0
 2019/04/17 15:47:16,0,500,500,500,0,100,77,0
 2019/04/17 15:47:27,0,500,500,500,0,100,78,0
 2019/04/17 15:47:37,0,500,500,500,0,100,75,0
 2019/04/17 15:47:47,0,500,500,500,0,100,75,0
 2019/04/17 15:47:57,0,500,500,500,0,100,77,0
 2019/04/17 15:48:08,0,500,500,500,0,100,77,0
 2019/04/17 15:48:18,0,500,500,500,0,100,77,0
 2019/04/17 15:48:28,0,500,500,500,0,100,76,0
 2019/04/17 15:48:38,0,500,500,500,0,100,78,0
 2019/04/17 15:48:49,0,500,500,500,0,100,78,0
 2019/04/17 15:48:59,0,500,500,500,0,100,77,0
 2019/04/17 15:49:09,0,500,500,500,0,100,77,0
 2019/04/17 15:49:19,0,500,500,500,0,100,77,0
 2019/04/17 15:49:30,0,500,500,500,0,100,79,0
 2019/04/17 15:49:40,0,500,500,500,0,100,79,0
 2019/04/17 15:49:50,0,500,500,500,0,100,79,0
 2019/04/17 15:50:00,0,500,500,500,0,100,79,0
 2019/04/17 15:50:10,0,500,500,500,0,100,79,0
 2019/04/17 15:50:21,0,500,500,500,0,100,79,0
 2019/04/17 15:50:31,0,500,500,500,0,100,80,0
 2019/04/17 15:50:41,0,500,500,500,0,100,82,0
 2019/04/17 15:50:51,0,500,500,500,0,100,82,0
 2019/04/17 15:51:02,0,500,500,500,0,100,82,0
 2019/04/17 15:51:12,0,500,500,500,0,100,81,0
 2019/04/17 15:51:22,0,500,500,500,0,100,82,0
 2019/04/17 15:51:32,0,500,500,500,0,100,82,0
 2019/04/17 15:51:43,0,500,500,500,0,100,82,0
 2019/04/17 15:51:53,0,500,500,500,0,100,82,0
 2019/04/17 15:52:03,0,500,500,500,0,100,82,0
 2019/04/17 15:52:13,0,500,500,500,0,100,81,0
 2019/04/17 15:52:24,0,500,500,500,0,100,79,0
 2019/04/17 15:52:34,0,500,500,500,0,100,79,0
 2019/04/17 15:52:44,0,500,500,500,0,100,78,0
 2019/04/17 15:52:54,0,500,500,500,0,100,76,0
 2019/04/17 15:53:05,0,500,500,500,0,100,76,0
 2019/04/17 15:53:15,0,500,500,500,0,100,75,0
 2019/04/17 15:53:25,0,500,500,500,0,100,76,0
 2019/04/17 15:53:35,0,500,500,500,0,100,76,0
 2019/04/17 15:53:46,0,500,500,500,0,100,75,0
 2019/04/17 15:53:56,0,500,500,500,0,100,77,0
 2019/04/17 15:54:06,0,500,500,500,0,100,78,0
 2019/04/17 15:54:16,0,500,500,500,0,100,78,0
 2019/04/17 15:54:27,0,500,500,500,0,100,77,0
 2019/04/17 15:54:37,0,500,500,500,0,100,77,0
 2019/04/17 15:54:47,0,500,500,500,0,100,77,0
 2019/04/17 15:54:57,0,500,500,500,0,100,79,0
 2019/04/17 15:55:08,0,500,500,500,0,100,79,0
 2019/04/17 15:55:18,0,500,500,500,0,100,79,0
 2019/04/17 15:55:28,0,500,500,500,0,100,81,0
 2019/04/17 15:55:38,0,500,500,500,0,100,81,0
 2019/04/17 15:55:49,0,500,500,500,0,100,81,0
 2019/04/17 15:55:59,0,500,500,500,0,100,81,0
 2019/04/17 15:56:09,0,500,500,500,0,100,82,0
 2019/04/17 15:56:19,0,500,500,500,0,100,82,0
 2019/04/17 15:56:29,0,500,500,500,0,100,81,0
 2019/04/17 15:56:40,0,500,500,500,0,100,80,0
 2019/04/17 15:56:50,0,500,500,500,0,100,80,0
 2019/04/17 15:57:00,0,500,500,500,0,100,78,0
 2019/04/17 15:57:11,0,500,500,500,0,100,77,0
 2019/04/17 15:57:21,0,500,500,500,0,100,75,0
 2019/04/17 15:57:31,0,500,500,500,0,100,75,0
 2019/04/17 15:57:41,0,500,500,500,0,100,76,0
 2019/04/17 15:57:52,0,500,500,500,0,100,75,0
 2019/04/17 15:58:02,0,500,500,500,0,100,75,0
 2019/04/17 15:58:12,0,500,500,500,0,100,75,0
 2019/04/17 15:58:22,0,500,500,500,0,100,76,0
 2019/04/17 15:58:33,0,500,500,500,0,100,76,0
 2019/04/17 15:58:43,0,500,500,500,0,100,75,0
 2019/04/17 15:58:53,0,500,500,500,0,100,75,0
 2019/04/17 15:59:04,0,500,500,500,0,100,75,0
 2019/04/17 15:59:14,0,500,500,500,0,100,74,0
 2019/04/17 15:59:24,0,500,500,500,0,100,78,0
 2019/04/17 15:59:34,0,500,500,500,0,100,78,0
 2019/04/17 15:59:45,0,500,500,500,0,100,79,0
 2019/04/17 15:59:55,0,500,500,500,0,100,83,0
 2019/04/17 16:00:05,0,500,500,500,0,100,83,0
 2019/04/17 16:00:15,0,500,500,500,0,100,79,0
 2019/04/17 16:00:26,0,500,500,500,0,100,79,0
 2019/04/17 16:00:36,0,500,500,500,0,100,76,0
 2019/04/17 16:00:46,0,500,500,500,0,100,76,0
 2019/04/17 16:00:56,0,500,500,500,0,100,75,0
 2019/04/17 16:01:07,0,500,500,500,0,100,77,0
 2019/04/17 16:01:17,0,500,500,500,0,100,77,0
 2019/04/17 16:01:27,0,500,500,500,0,100,76,0
 2019/04/17 16:01:37,0,500,500,500,0,100,78,0
 2019/04/17 16:01:48,0,500,500,500,0,100,78,0
 2019/04/17 16:01:58,0,500,500,500,0,100,77,0
 2019/04/17 16:02:08,0,500,500,500,0,100,77,0
 2019/04/17 16:02:18,0,500,500,500,0,100,77,0
 2019/04/17 16:02:29,0,500,500,500,0,100,79,0
 2019/04/17 16:02:39,0,500,500,500,0,100,79,0
 2019/04/17 16:02:49,0,500,500,500,0,100,79,0
 2019/04/17 16:02:59,0,500,500,500,0,100,79,0
 2019/04/17 16:03:10,0,500,500,500,0,100,79,0
 2019/04/17 16:03:20,0,500,500,500,0,100,79,0
 2019/04/17 16:03:30,0,500,500,500,0,100,81,0
 2019/04/17 16:03:40,0,500,500,500,0,100,81,0
 2019/04/17 16:03:51,0,500,500,500,0,100,81,0
 2019/04/17 16:04:01,0,500,500,500,0,100,82,0
 2019/04/17 16:04:11,0,500,500,500,0,100,81,0
 2019/04/17 16:04:21,0,500,500,500,0,100,82,0
 2019/04/17 16:04:32,0,500,500,500,0,100,82,0
 2019/04/17 16:04:42,0,500,500,500,0,100,80,0
 2019/04/17 16:04:52,0,500,500,500,0,100,79,0
 2019/04/17 16:05:02,0,500,500,500,0,100,79,0
 2019/04/17 16:05:12,0,500,500,500,0,100,79,0
 2019/04/17 16:05:23,0,500,500,500,0,100,77,0
 2019/04/17 16:05:33,0,500,500,500,0,100,77,0
 2019/04/17 16:05:43,0,500,500,500,0,100,77,0
 2019/04/17 16:05:54,0,500,500,500,0,100,74,0
 2019/04/17 16:06:04,0,500,500,500,0,100,74,0
 2019/04/17 16:06:14,0,500,500,500,0,100,78,0
 2019/04/17 16:06:24,0,500,500,500,0,100,78,0
 2019/04/17 16:06:34,0,500,500,500,0,100,78,0
 2019/04/17 16:06:45,0,500,500,500,0,100,82,0
 2019/04/17 16:06:55,0,500,500,500,0,100,79,0
 2019/04/17 16:07:05,0,500,500,500,0,100,79,0
 2019/04/17 16:07:16,0,500,500,500,0,100,76,0
 2019/04/17 16:07:26,0,500,500,500,0,100,75,0
 2019/04/17 16:07:36,0,500,500,500,0,100,75,0
 2019/04/17 16:07:46,0,500,500,500,0,100,75,0
 2019/04/17 16:07:57,0,500,500,500,0,100,74,0
 2019/04/17 16:08:07,0,500,500,500,0,100,76,0
 2019/04/17 16:08:17,0,500,500,500,0,100,76,0
 2019/04/17 16:08:27,0,500,500,500,0,100,77,0
 2019/04/17 16:08:37,0,500,500,500,0,100,78,0
 2019/04/17 16:08:48,0,500,500,500,0,100,78,0
 2019/04/17 16:08:58,0,500,500,500,0,100,80,0
 2019/04/17 16:09:08,0,500,500,500,0,100,82,0
 2019/04/17 16:09:19,0,500,500,500,0,100,82,0
 2019/04/17 16:09:29,0,500,500,500,0,100,80,0
 2019/04/17 16:09:39,0,500,500,500,0,100,81,0
 2019/04/17 16:09:49,0,500,500,500,0,100,81,0
 2019/04/17 16:09:59,0,500,500,500,0,100,80,0
 2019/04/17 16:10:10,0,500,500,500,0,100,81,0
 2019/04/17 16:10:20,0,500,500,500,0,100,81,0
 2019/04/17 16:10:30,0,500,500,500,0,100,81,0
 2019/04/17 16:10:40,0,333,333,500,0,100,81,0
 2019/04/17 16:10:51,0,333,333,500,0,100,81,0
 2019/04/17 16:11:01,0,333,333,500,0,100,80,0
 2019/04/17 16:11:11,0,333,333,500,0,100,78,0
 2019/04/17 16:11:21,0,333,333,500,0,100,79,0
 2019/04/17 16:11:32,0,333,333,500,0,100,79,0
 2019/04/17 16:11:42,0,333,333,500,0,100,76,0
 2019/04/17 16:11:52,0,333,333,500,0,100,76,0
 2019/04/17 16:12:02,0,333,333,500,0,100,76,0
 2019/04/17 16:12:13,0,333,333,500,0,100,78,0
 2019/04/17 16:12:23,0,333,333,500,0,100,77,0
 2019/04/17 16:12:33,0,333,333,500,0,100,77,0
 2019/04/17 16:12:43,0,333,333,500,0,100,77,0
 2019/04/17 16:12:53,0,333,333,500,0,100,78,0
 2019/04/17 16:13:04,0,333,333,500,0,100,78,0
 2019/04/17 16:13:14,0,333,333,500,0,100,78,0
 2019/04/17 16:13:24,0,333,333,500,0,100,78,0
 2019/04/17 16:13:34,0,333,333,500,0,100,78,0
 2019/04/17 16:13:45,0,333,333,500,0,100,80,0
 2019/04/17 16:13:55,0,333,333,500,0,100,79,0
 2019/04/17 16:14:05,0,333,333,500,0,100,79,0
 2019/04/17 16:14:15,0,333,333,500,0,100,79,0
 2019/04/17 16:14:26,0,333,333,500,0,100,80,0
 2019/04/17 16:14:36,0,333,333,500,0,100,80,0
 2019/04/17 16:14:46,0,333,333,500,0,100,82,0
 2019/04/17 16:14:56,0,333,333,500,0,100,82,0
 2019/04/17 16:15:07,0,333,333,500,0,100,83,0
 2019/04/17 16:15:17,0,333,333,500,0,100,83,0
 2019/04/17 16:15:27,0,333,333,500,0,100,81,0
 2019/04/17 16:15:37,0,333,333,500,0,100,82,0
 2019/04/17 16:15:48,0,333,333,500,0,100,82,0
 2019/04/17 16:15:58,0,333,333,500,0,100,81,0
 2019/04/17 16:16:08,0,333,333,500,0,100,79,0
 2019/04/17 16:16:18,0,333,333,500,0,100,79,0
 2019/04/17 16:16:29,0,333,333,500,0,100,80,0
 2019/04/17 16:16:39,0,333,333,500,0,100,79,0
 2019/04/17 16:16:49,0,333,333,500,0,100,79,0
 2019/04/17 16:16:59,0,333,333,500,0,100,77,0
 2019/04/17 16:17:10,0,333,333,500,0,100,77,0
 2019/04/17 16:17:20,0,333,333,500,0,100,77,0
 2019/04/17 16:17:30,0,333,333,500,0,100,74,0
 2019/04/17 16:17:41,0,333,333,500,0,100,80,0
 2019/04/17 16:17:51,0,333,333,500,0,100,80,0
 2019/04/17 16:18:01,0,333,333,500,0,100,82,0
 2019/04/17 16:18:11,0,333,333,500,0,100,81,0
 2019/04/17 16:18:21,0,333,333,500,0,100,84,0
 2019/04/17 16:18:32,0,333,333,500,0,100,84,0
 2019/04/17 16:18:42,0,333,333,500,0,100,80,0
 2019/04/17 16:18:52,0,333,333,500,0,100,82,0
 2019/04/17 16:19:02,0,333,333,500,0,100,82,0
 2019/04/17 16:19:13,0,333,333,500,0,100,80,0
 2019/04/17 16:19:23,0,333,333,500,0,100,79,0
 2019/04/17 16:19:33,0,333,333,500,0,100,79,0
 2019/04/17 16:19:43,0,333,333,500,0,100,77,0
 2019/04/17 16:19:54,0,333,333,500,0,100,77,0
 2019/04/17 16:20:04,0,333,333,500,0,100,77,0
 2019/04/17 16:20:14,0,333,333,500,0,100,77,0
 2019/04/17 16:20:24,0,333,333,500,0,100,76,0
 2019/04/17 16:20:34,0,333,333,500,0,100,76,0
 2019/04/17 16:20:45,0,333,333,500,0,100,75,0
 2019/04/17 16:20:55,0,333,333,500,0,100,77,0
 2019/04/17 16:21:05,0,333,333,500,0,100,77,0
 2019/04/17 16:21:15,0,333,333,500,0,100,76,0
 2019/04/17 16:21:26,0,333,333,500,0,100,78,0
 2019/04/17 16:21:36,0,333,333,500,0,100,79,0
 2019/04/17 16:21:46,0,333,333,500,0,100,79,0
 2019/04/17 16:21:56,0,333,333,500,0,100,81,0
 2019/04/17 16:22:07,0,333,333,500,0,100,80,0
 2019/04/17 16:22:17,0,333,333,500,0,100,80,0
 2019/04/17 16:22:27,0,333,333,500,0,100,83,0
 2019/04/17 16:22:37,0,333,333,500,0,100,81,0
 2019/04/17 16:22:48,0,333,333,500,0,100,81,0
 2019/04/17 16:22:58,0,333,333,500,0,100,81,0
 2019/04/17 16:23:08,0,333,333,500,0,100,80,0
 2019/04/17 16:23:18,0,333,333,500,0,100,80,0
 2019/04/17 16:23:29,0,333,333,500,0,100,78,0
 2019/04/17 16:23:39,0,333,333,500,0,100,79,0
 2019/04/17 16:23:49,0,333,333,500,0,100,79,0
 2019/04/17 16:23:59,0,333,333,500,0,100,76,0
 2019/04/17 16:24:09,0,333,333,500,0,100,76,0
 2019/04/17 16:24:20,0,333,333,500,0,100,76,0
 2019/04/17 16:24:30,0,333,333,500,0,100,78,0
 2019/04/17 16:24:40,0,333,333,500,0,100,77,0
 2019/04/17 16:24:50,0,333,333,500,0,100,77,0
 2019/04/17 16:25:01,0,333,333,500,0,100,77,0
 2019/04/17 16:25:11,0,333,333,500,0,100,76,0
 2019/04/17 16:25:21,0,333,333,500,0,100,76,0
 2019/04/17 16:25:32,0,333,333,500,0,100,76,0
 2019/04/17 16:25:42,0,333,333,500,0,100,76,0
 2019/04/17 16:25:52,0,333,333,500,0,100,75,0
 2019/04/17 16:26:02,0,333,333,500,0,100,75,0
 2019/04/17 16:26:12,0,333,333,500,0,100,77,0
 2019/04/17 16:26:23,0,333,333,500,0,100,78,0
 2019/04/17 16:26:33,0,333,333,500,0,100,78,0
 2019/04/17 16:26:43,0,333,333,500,0,100,80,0
 2019/04/17 16:26:53,0,333,333,500,0,100,80,0
 2019/04/17 16:27:04,0,333,333,500,0,100,80,0
 2019/04/17 16:27:14,0,333,333,500,0,100,82,0
 2019/04/17 16:27:24,0,333,333,500,0,100,83,0
 2019/04/17 16:27:34,0,333,333,500,0,100,83,0
 2019/04/17 16:27:45,0,333,333,500,0,100,82,0
 2019/04/17 16:27:55,0,333,333,500,0,100,81,0
 2019/04/17 16:28:05,0,333,333,500,0,100,81,0
 2019/04/17 16:28:15,0,333,333,500,0,100,80,0
 2019/04/17 16:28:26,0,333,333,500,0,100,79,0
 2019/04/17 16:28:36,0,333,333,500,0,100,77,0
 2019/04/17 16:28:46,0,333,333,500,0,100,77,0
 2019/04/17 16:28:56,0,333,333,500,0,100,75,0
 2019/04/17 16:29:07,0,333,333,500,0,100,79,0
 2019/04/17 16:29:17,0,333,333,500,0,100,79,0
 2019/04/17 16:29:27,0,333,333,500,0,100,81,0
 2019/04/17 16:29:37,0,333,333,500,0,100,82,0
 2019/04/17 16:29:48,0,333,333,500,0,100,82,0
 2019/04/17 16:29:58,0,333,333,500,0,100,82,0
 2019/04/17 16:30:08,0,333,333,500,0,100,81,0
 2019/04/17 16:30:18,0,333,333,500,0,100,81,0
 2019/04/17 16:30:29,0,333,333,500,0,100,80,0
 2019/04/17 16:30:39,0,333,333,500,0,100,80,0
 2019/04/17 16:30:49,0,333,333,500,0,100,80,0
 2019/04/17 16:30:59,0,333,333,500,0,100,80,0
 2019/04/17 16:31:10,0,333,333,500,0,100,80,0
 2019/04/17 16:31:20,0,333,333,500,0,100,80,0
 2019/04/17 16:31:30,0,333,333,500,0,100,78,0
 2019/04/17 16:31:40,0,333,333,500,0,100,79,0
 2019/04/17 16:31:51,0,333,333,500,0,100,79,0
 2019/04/17 16:32:01,0,333,333,500,0,100,78,0
 2019/04/17 16:32:11,0,333,333,500,0,100,78,0
 2019/04/17 16:32:21,0,333,333,500,0,100,78,0
 2019/04/17 16:32:32,0,333,333,500,0,100,78,0
 2019/04/17 16:32:42,0,333,333,500,0,100,77,0
 2019/04/17 16:32:52,0,333,333,500,0,100,75,0
 2019/04/17 16:33:02,0,333,333,500,0,100,75,0
 2019/04/17 16:33:13,0,333,333,500,0,100,79,0
 2019/04/17 16:33:23,0,333,333,500,0,100,80,0
 2019/04/17 16:33:33,0,333,333,500,0,100,80,0
 2019/04/17 16:33:43,0,333,333,500,0,100,81,0
 2019/04/17 16:33:53,0,333,333,500,0,100,83,0
 2019/04/17 16:34:04,0,333,333,500,0,100,83,0
 2019/04/17 16:34:14,0,333,333,500,0,100,82,0
 2019/04/17 16:34:24,0,333,333,500,0,100,81,0
 2019/04/17 16:34:34,0,333,333,500,0,100,81,0
 2019/04/17 16:34:45,0,333,333,500,0,100,82,0
 2019/04/17 16:34:55,0,333,333,500,0,100,80,0
 2019/04/17 16:35:05,0,333,333,500,0,100,80,0
 2019/04/17 16:35:15,0,333,333,500,0,100,81,0
 2019/04/17 16:35:26,0,333,333,500,0,100,79,0
 2019/04/17 16:35:36,0,333,333,500,0,100,79,0
 2019/04/17 16:35:46,0,333,333,500,0,100,79,0
 2019/04/17 16:35:56,0,333,333,500,0,100,79,0
 2019/04/17 16:36:07,0,333,333,500,0,100,77,0
 2019/04/17 16:36:17,0,333,333,500,0,100,77,0
 2019/04/17 16:36:27,0,333,333,500,0,100,77,0
 2019/04/17 16:36:37,0,333,333,500,0,100,76,0
 2019/04/17 16:36:48,0,333,333,500,0,100,76,0
 2019/04/17 16:36:58,0,333,333,500,0,100,75,0
 2019/04/17 16:37:08,0,333,333,500,0,100,77,0
 2019/04/17 16:37:18,0,333,333,500,0,100,77,0
 2019/04/17 16:37:28,0,333,333,500,0,100,78,0
 2019/04/17 16:37:39,0,333,333,500,0,100,79,0
 2019/04/17 16:37:49,0,333,333,500,0,100,79,0
 2019/04/17 16:37:59,0,333,333,500,0,100,79,0
 2019/04/17 16:38:09,0,333,333,500,0,100,81,0
 2019/04/17 16:38:20,0,333,333,500,0,100,81,0
 2019/04/17 16:38:30,0,333,333,500,0,100,81,0
 2019/04/17 16:38:40,0,333,333,500,0,100,84,0
 2019/04/17 16:38:50,0,333,333,500,0,100,84,0
 2019/04/17 16:39:01,0,333,333,500,0,100,82,0
 2019/04/17 16:39:11,0,333,333,500,0,100,81,0
 2019/04/17 16:39:21,0,333,333,500,0,100,81,0
 2019/04/17 16:39:31,0,333,333,500,0,100,80,0
 2019/04/17 16:39:42,0,333,333,500,0,100,79,0
 2019/04/17 16:39:52,0,333,333,500,0,100,77,0
 2019/04/17 16:40:02,0,333,333,500,0,100,77,0
 2019/04/17 16:40:12,0,333,333,500,0,100,75,0
 2019/04/17 16:40:22,0,333,333,500,0,100,79,0
 2019/04/17 16:40:33,0,333,333,500,0,100,79,0
 2019/04/17 16:40:43,0,333,333,500,0,100,79,0
 2019/04/17 16:40:53,0,333,333,500,0,100,83,0
 2019/04/17 16:41:04,0,333,333,500,0,100,83,0
 2019/04/17 16:41:14,0,333,333,500,0,100,82,0
 2019/04/17 16:41:24,0,333,333,500,0,100,83,0
 2019/04/17 16:41:34,0,333,333,500,0,100,83,0
 2019/04/17 16:41:44,0,333,333,500,0,100,81,0
 2019/04/17 16:41:55,0,333,333,500,0,100,80,0
 2019/04/17 16:42:05,0,333,333,500,0,100,80,0
 2019/04/17 16:42:15,0,333,333,500,0,100,81,0
 2019/04/17 16:42:25,0,333,333,500,0,100,81,0
 2019/04/17 16:42:36,0,333,333,500,0,100,81,0
 2019/04/17 16:42:46,0,333,333,500,0,100,79,0
 2019/04/17 16:42:56,0,333,333,500,0,100,79,0
 2019/04/17 16:43:06,0,333,333,500,0,100,77,0
 2019/04/17 16:43:17,0,333,333,500,0,100,77,0
 2019/04/17 16:43:27,0,333,333,500,0,100,77,0
 2019/04/17 16:43:37,0,333,333,500,0,100,76,0
 2019/04/17 16:43:47,0,333,333,500,0,100,76,0
 2019/04/17 16:43:58,0,333,333,500,0,100,76,0
 2019/04/17 16:44:08,0,333,333,500,0,100,75,0
 2019/04/17 16:44:18,0,333,333,500,0,100,75,0
 2019/04/17 16:44:28,0,333,333,500,0,100,77,0
 2019/04/17 16:44:39,0,333,333,500,0,100,80,0
 2019/04/17 16:44:49,0,333,333,500,0,100,80,0
 2019/04/17 16:44:59,0,333,333,500,0,100,81,0
 2019/04/17 16:45:09,0,333,333,500,0,100,82,0
 2019/04/17 16:45:20,0,333,333,500,0,100,82,0
 2019/04/17 16:45:30,0,333,333,500,0,100,83,0
 2019/04/17 16:45:40,0,333,333,500,0,100,84,0
 2019/04/17 16:45:50,0,333,333,500,0,100,84,0
 2019/04/17 16:46:01,0,333,333,500,0,100,83,0
 2019/04/17 16:46:11,0,333,333,500,0,100,82,0
 2019/04/17 16:46:21,0,333,333,500,0,100,81,0
 2019/04/17 16:46:31,0,333,333,500,0,100,81,0
 2019/04/17 16:46:42,0,333,333,500,0,100,79,0
 2019/04/17 16:46:52,0,333,333,500,0,100,80,0
 2019/04/17 16:47:02,0,333,333,500,0,100,80,0
 2019/04/17 16:47:12,0,333,333,500,0,100,78,0
 2019/04/17 16:47:23,0,333,333,500,0,100,76,0
 2019/04/17 16:47:33,0,333,333,500,0,100,76,0
 2019/04/17 16:47:43,0,333,333,500,0,100,77,0
 2019/04/17 16:47:53,0,333,333,500,0,100,76,0
 2019/04/17 16:48:03,0,333,333,500,0,100,76,0
 2019/04/17 16:48:14,0,333,333,500,0,100,75,0
 2019/04/17 16:48:24,0,333,333,500,0,100,79,0
 2019/04/17 16:48:34,0,333,333,500,0,100,79,0
 2019/04/17 16:48:44,0,333,333,500,0,100,80,0
 2019/04/17 16:48:55,0,333,333,500,0,100,81,0
 2019/04/17 16:49:05,0,333,333,500,0,100,81,0
 2019/04/17 16:49:15,0,333,333,500,0,100,83,0
 2019/04/17 16:49:25,0,333,333,500,0,100,81,0
 2019/04/17 16:49:36,0,333,333,500,0,100,81,0
 2019/04/17 16:49:46,0,333,333,500,0,100,81,0
 2019/04/17 16:49:56,0,333,333,500,0,100,80,0
 2019/04/17 16:50:06,0,333,333,500,0,100,78,0
 2019/04/17 16:50:17,0,333,333,500,0,100,78,0
 2019/04/17 16:50:27,0,333,333,500,0,100,77,0
 2019/04/17 16:50:37,0,333,333,500,0,100,77,0
 2019/04/17 16:50:47,0,333,333,500,0,100,77,0
 2019/04/17 16:50:58,0,333,333,500,0,100,74,0
 2019/04/17 16:51:08,0,333,333,500,0,100,80,0
 2019/04/17 16:51:18,0,333,333,500,0,100,80,0
 2019/04/17 16:51:28,0,333,333,500,0,100,84,0
 2019/04/17 16:51:38,0,333,333,500,0,100,81,0
 2019/04/17 16:51:49,0,333,333,500,0,100,81,0
 2019/04/17 16:51:59,0,333,333,500,0,100,80,0
 2019/04/17 16:52:09,0,333,333,500,0,100,79,0
 2019/04/17 16:52:20,0,333,333,500,0,100,79,0
 2019/04/17 16:52:30,0,333,333,500,0,100,78,0
 2019/04/17 16:52:40,0,333,333,500,0,100,76,0
 2019/04/17 16:52:50,0,333,333,500,0,100,76,0
 2019/04/17 16:53:01,0,333,333,500,0,100,76,0
 2019/04/17 16:53:11,0,333,333,500,0,100,77,0
 2019/04/17 16:53:21,0,333,333,500,0,100,77,0
 2019/04/17 16:53:31,0,333,333,500,0,100,77,0
 2019/04/17 16:53:42,0,333,333,500,0,100,78,0
 2019/04/17 16:53:52,0,333,333,500,0,100,78,0
 2019/04/17 16:54:02,0,333,333,500,0,100,78,0
 2019/04/17 16:54:12,0,333,333,500,0,100,78,0
 2019/04/17 16:54:23,0,333,333,500,0,100,80,0
 2019/04/17 16:54:33,0,333,333,500,0,100,80,0
 2019/04/17 16:54:43,0,333,333,500,0,100,79,0
 2019/04/17 16:54:53,0,333,333,500,0,100,81,0
 2019/04/17 16:55:04,0,333,333,500,0,100,81,0
 2019/04/17 16:55:14,0,333,333,500,0,100,81,0
 2019/04/17 16:55:24,0,333,333,500,0,100,82,0
 2019/04/17 16:55:34,0,333,333,500,0,100,82,0
 2019/04/17 16:55:44,0,333,333,500,0,100,83,0
 2019/04/17 16:55:55,0,333,333,500,0,100,81,0
 2019/04/17 16:56:05,0,333,333,500,0,100,81,0
 2019/04/17 16:56:15,0,333,333,500,0,100,82,0
 2019/04/17 16:56:26,0,333,333,500,0,100,81,0
 2019/04/17 16:56:36,0,333,333,500,0,100,81,0
 2019/04/17 16:56:46,0,333,333,500,0,100,81,0
 2019/04/17 16:56:56,0,333,333,500,0,100,79,0
 2019/04/17 16:57:07,0,333,333,500,0,100,80,0
 2019/04/17 16:57:17,0,333,333,500,0,100,80,0
 2019/04/17 16:57:27,0,333,333,500,0,100,79,0
 2019/04/17 16:57:37,0,333,333,500,0,100,79,0
 2019/04/17 16:57:48,0,333,333,500,0,100,79,0
 2019/04/17 16:57:58,0,333,333,500,0,100,77,0
 2019/04/17 16:58:08,0,333,333,500,0,100,77,0
 2019/04/17 16:58:18,0,333,333,500,0,100,77,0
 2019/04/17 16:58:28,0,333,333,500,0,100,76,0
 2019/04/17 16:58:39,0,333,333,500,0,100,75,0
 2019/04/17 16:58:49,0,333,333,500,0,100,75,0
 2019/04/17 16:58:59,0,333,333,500,0,100,77,0
 2019/04/17 16:59:09,0,333,333,500,0,100,80,0
 2019/04/17 16:59:20,0,333,333,500,0,100,80,0
 2019/04/17 16:59:30,0,333,333,500,0,100,81,0
 2019/04/17 16:59:40,0,333,333,500,0,100,83,0
 2019/04/17 16:59:50,0,333,333,500,0,100,83,0
 2019/04/17 17:00:01,0,333,333,500,0,100,81,0
 2019/04/17 17:00:11,0,333,333,500,0,100,80,0
 2019/04/17 17:00:21,0,333,333,500,0,100,80,0
 2019/04/17 17:00:31,0,333,333,500,0,100,79,0
 2019/04/17 17:00:42,0,333,333,500,0,100,76,0
 2019/04/17 17:00:52,0,333,333,500,0,100,77,0
 2019/04/17 17:01:02,0,333,333,500,0,100,77,0
 2019/04/17 17:01:12,0,333,333,500,0,100,78,0
 2019/04/17 17:01:22,0,333,333,500,0,100,77,0
 2019/04/17 17:01:33,0,333,333,500,0,100,77,0
 2019/04/17 17:01:43,0,333,333,500,0,100,77,0
 2019/04/17 17:01:53,0,333,333,500,0,100,77,0
 2019/04/17 17:02:03,0,333,333,500,0,100,77,0
 2019/04/17 17:02:14,0,333,333,500,0,100,78,0
 2019/04/17 17:02:24,0,333,333,500,0,100,76,0
 2019/04/17 17:02:34,0,333,333,500,0,100,76,0
 2019/04/17 17:02:44,0,333,333,500,0,100,78,0
 2019/04/17 17:02:55,0,333,333,500,0,100,77,0
 2019/04/17 17:03:05,0,333,333,500,0,100,77,0
 2019/04/17 17:03:15,0,333,333,500,0,100,77,0
 2019/04/17 17:03:25,0,333,333,500,0,100,77,0
 2019/04/17 17:03:36,0,333,333,500,0,100,77,0
 2019/04/17 17:03:46,0,333,333,500,0,100,77,0
 2019/04/17 17:03:56,0,333,333,500,0,100,77,0
 2019/04/17 17:04:06,0,333,333,500,0,100,77,0
 2019/04/17 17:04:17,0,333,333,500,0,100,79,0
 2019/04/17 17:04:27,0,333,333,500,0,100,79,0
 2019/04/17 17:04:37,0,333,333,500,0,100,79,0
 2019/04/17 17:04:47,0,333,333,500,0,100,79,0
 2019/04/17 17:04:58,0,333,333,500,0,100,79,0
 2019/04/17 17:05:08,0,333,333,500,0,100,80,0
 2019/04/17 17:05:18,0,333,333,500,0,100,80,0
 2019/04/17 17:05:28,0,333,333,500,0,100,80,0
 2019/04/17 17:05:39,0,333,333,500,0,100,80,0
 2019/04/17 17:05:49,0,333,333,500,0,100,80,0
 2019/04/17 17:05:59,0,333,333,500,0,100,83,0
 2019/04/17 17:06:09,0,333,333,500,0,100,83,0
 2019/04/17 17:06:20,0,333,333,500,0,100,83,0
 2019/04/17 17:06:30,0,333,333,500,0,100,81,0
 2019/04/17 17:06:40,0,333,333,500,0,100,82,0
 2019/04/17 17:06:51,0,333,333,500,0,100,82,0
 2019/04/17 17:07:01,0,333,333,500,0,100,83,0
 2019/04/17 17:07:11,0,333,333,500,0,100,83,0
 2019/04/17 17:07:21,0,333,333,500,0,100,81,0
 2019/04/17 17:07:32,0,333,333,500,0,100,81,0
 2019/04/17 17:07:42,0,333,333,500,0,100,82,0
 2019/04/17 17:07:52,0,333,333,500,0,100,80,0
 2019/04/17 17:08:02,0,333,333,500,0,100,80,0
 2019/04/17 17:08:13,0,333,333,500,0,100,80,0
 2019/04/17 17:08:23,0,333,333,500,0,100,78,0
 2019/04/17 17:08:33,0,333,333,500,0,100,78,0
 2019/04/17 17:08:43,0,333,333,500,0,100,78,0
 2019/04/17 17:08:54,0,333,333,500,0,100,77,0
 2019/04/17 17:09:04,0,333,333,500,0,100,77,0
 2019/04/17 17:09:14,0,333,333,500,0,100,75,0
 2019/04/17 17:09:25,0,333,333,500,0,100,76,0
 2019/04/17 17:09:35,0,333,333,500,0,100,76,0
 2019/04/17 17:09:45,0,333,333,500,0,100,79,0
 2019/04/17 17:09:55,0,333,333,500,0,100,80,0
 2019/04/17 17:10:06,0,333,333,500,0,100,80,0
